adservice,cartservice,checkoutservice,currencyservice,emailservice,frontend,paymentservice,productcatalogservice,recommendationservice,shippingservice
19.457826942827793,46.747239911074246,58.29846585907704,191.34260753555836,20.373265733628834,203.5847059221428,7.230570007042728,99.11336042239475,102.44959135614354,12.2644489078584
19.457826942827793,49.110153933060346,58.29846585907705,202.2426618105498,20.373265733628834,167.65115705727663,6.349058077371616,83.97847497100501,102.44959135614356,10.43650093396937
17.59469379293873,49.110153933060346,61.62721229387901,202.2426618105498,20.373265733628834,160.07441291854084,6.07996036360951,80.28980607395154,102.44959135614356,9.980059027115242
20.788614115177108,49.110153933060346,59.23569846642433,199.77027871516069,16.73787898170653,199.3490227449623,5.982743410755391,102.98214247432854,102.44959135614356,12.071837996154752
20.788614115177108,49.110153933060346,59.23569846642433,199.77027871516069,16.737878981706526,199.3490227449623,5.708458631512872,102.98214247432854,102.44959135614356,12.314769495336995
20.788614115177108,49.110153933060346,59.23569846642433,199.77027871516069,16.73787898170653,199.34902274496227,7.916520193542028,102.98214247432854,92.00471868637864,12.314769495336995
20.788614115177108,40.22387620451447,59.23569846642433,199.77027871516069,16.737878981706526,199.34902274496227,7.916520193542028,102.98214247432854,92.00471868637864,12.314769495336995
20.788614115177108,38.43217408852331,59.23569846642433,194.17471251116808,12.19036903690368,195.82468778683273,7.916520193542028,102.98214247432854,92.00471868637864,12.314769495336995
17.77951996815554,51.53617554396893,58.682830596920006,194.17471251116805,11.18958807066643,195.82468778683273,8.06040699017168,82.57470062048807,75.88741877627827,12.537112423862146
17.007569430678625,54.92242611009947,58.682830596920006,194.17471251116805,11.189588070666428,195.82468778683273,8.06040699017168,70.83700000000005,75.88741877627824,12.537112423862146
20.062485196908018,54.92242611009947,58.11097833543559,194.17471251116805,11.189588070666428,196.59145068627276,7.909232954545445,82.24166824771798,75.88741877627824,12.76866002917115
20.062485196908018,54.92242611009947,58.11097833543559,154.26290941579958,11.18958807066643,196.59145068627276,7.909232954545445,78.55126383270692,75.88741877627824,12.76866002917115
20.062485196908014,54.92242611009947,58.11097833543559,195.95926324280725,11.18958807066643,195.1097662412162,7.909232954545445,101.47347758197637,75.88741877627824,12.76866002917115
20.062485196908018,54.92242611009947,58.11097833543559,161.6871494541485,11.18958807066643,195.1097662412162,7.909232954545445,101.47347758197637,61.927611894803626,12.76866002917115
20.062485196908018,55.81991067278351,58.11097833543559,197.21151746724897,5.48567499999999,195.10976624121622,8.099303802310454,101.47347758197637,86.64818234275816,12.403164910207156
16.968118307804545,55.81991067278351,58.11097833543559,197.21151746724897,5.48567499999999,195.1097662412162,7.034987788488507,101.47347758197637,86.64818234275816,12.403164910207158
17.047646753036275,55.81991067278351,36.88369999999992,197.21151746724897,6.357723061012289,195.1097662412162,6.731938837885392,101.47347758197637,88.88841787404542,10.244755816562149
19.90692989524582,56.95550860432361,49.61540532720789,197.21151746724897,17.01998055945566,195.1097662412162,8.479278539953267,100.42310042778576,88.88841787404542,12.300279213202208
19.90692989524582,56.95550860432361,57.16078814190662,161.88436097161576,17.019980559455664,156.96987172785512,8.629294952750087,83.03944331415093,88.88841787404542,12.300279213202208
19.906929895245817,55.80002630079342,57.16078814190662,199.19796766203106,17.01998055945566,196.55319588791366,8.629294952750087,101.3911183745939,87.78638818546499,12.300279213202208
19.906929895245817,55.80002630079342,57.16078814190662,199.19796766203106,17.01998055945566,196.55319588791366,8.629294952750087,101.39111837459392,87.78638818546499,12.300279213202208
19.906929895245817,55.80002630079342,58.30694662703291,199.19796766203106,17.019980559455664,198.70487898368197,8.629294952750087,102.507711481539,87.78638818546499,12.300279213202208
19.906929895245817,55.80002630079342,58.30694662703291,201.1935565275907,20.845447234937538,198.70487898368197,8.629294952750087,102.507711481539,87.78638818546499,12.651123752681151
19.56382448831731,55.80002630079342,58.30694662703291,201.1935565275907,18.47627607541491,198.70487898368197,6.527710933617319,102.3777002991825,87.78638818546499,12.78915897569218
19.56382448831731,55.80002630079342,60.09326516220022,201.1935565275907,18.476276075414912,198.70487898368197,6.8129378139171095,102.3777002991825,69.49295000000006,12.78915897569218
19.56382448831731,37.186200000000014,60.09326516220022,201.19355652759072,18.476276075414912,198.70487898368197,7.933988325446197,102.3777002991825,81.0035449815348,12.78915897569218
19.56382448831731,46.49121763154397,60.09326516220022,199.9989530450584,18.476276075414912,196.8886295743092,7.933988325446199,102.3777002991825,90.9779021540382,12.78915897569218
19.56382448831731,54.560397275232695,51.979005107937574,199.9989530450584,18.476276075414912,196.8886295743092,7.933988325446199,102.3777002991825,90.9779021540382,12.78915897569218
19.56382448831731,54.56039727523269,59.46883995805926,199.9989530450584,18.476276075414912,196.26215375918585,7.933988325446199,101.96187414730774,90.9779021540382,12.78915897569218
15.910937229378678,54.56039727523269,59.46883995805926,200.2469477356104,21.968619483011633,196.26215375918585,7.933988325446199,83.86242538329864,90.9779021540382,12.55868916946895
18.98834580690477,46.74583281882839,60.416214400165444,200.24694773561043,18.226883156921172,196.26215375918585,7.498885511651456,87.53149162296506,90.9779021540382,12.55868916946895
18.98834580690477,44.75255963837323,60.416214400165444,200.24694773561043,18.226883156921172,196.26215375918585,7.498885511651456,102.15497651043363,90.9779021540382,10.136641307393784
18.98834580690477,42.73746229900796,60.416214400165444,200.24694773561043,18.226883156921172,196.26215375918585,7.536635284486286,102.15497651043363,53.904074999999985,9.672807054068063
18.98834580690477,49.12488471634309,51.684057545528205,165.68265583187963,18.226883156921172,196.26215375918585,7.536635284486286,86.49972636020968,64.29720011677892,12.20377248420029
18.98834580690477,49.12488471634309,49.500011394962215,158.4437286712373,8.772045790548441,159.23075638072345,7.536635284486285,82.8068239593575,61.3960465659545,12.20377248420029
18.98834580690477,49.12488471634309,58.42315789473686,193.9325876064146,9.173140127281357,192.77920891916048,7.6342399826961564,100.86095408667744,78.46725936057454,12.20377248420029
18.799514792101924,49.12488471634308,57.32816779587714,193.9325876064146,9.463988921182992,192.77920891916048,5.745284250728236,100.86095408667744,78.46725936057454,12.24631181399738
15.776082825662133,47.75964397275222,57.32816779587714,188.9089864969737,9.060309261837615,189.28517988134547,6.8803281658427835,86.15786475778992,78.46725936057454,12.24631181399738
15.080187453107827,47.759643972752215,57.32816779587714,188.90898649697377,8.650166295961087,189.2851798813455,6.8803281658427835,99.78487539386998,78.46725936057454,12.24631181399738
18.414585372966403,47.759643972752215,54.30401831227037,188.9089864969737,9.862349038952187,189.2851798813455,6.8803281658427835,99.78487539386998,78.46725936057454,11.892001985029552
18.414585372966407,46.1035495594165,54.30401831227037,188.9089864969737,9.862349038952187,189.2851798813455,6.880328165842784,99.78487539387,76.91215514886638,11.892001985029555
18.414585372966403,46.1035495594165,54.30401831227037,154.89513635741656,9.862349038952187,189.2851798813455,5.789203678853533,84.23367974394479,76.91215514886638,11.892001985029552
18.414585372966407,46.1035495594165,51.67343885345307,188.36723894403903,9.862349038952187,193.44553335846206,6.707227096354906,80.55660708568068,76.91215514886638,11.892001985029552
18.414585372966407,39.68491093742219,51.67343885345307,188.36723894403903,8.0540257597868,193.445533358462,6.707227096354906,76.8030326896146,62.19693706500953,11.892001985029552
18.14268339875058,47.258660863871796,51.67343885345308,188.36723894403903,16.169471905169832,193.44553335846206,6.711858135785825,97.94564547329045,85.73120678933306,11.397695865941284
18.14268339875058,47.258660863871796,43.26143362010136,188.36723894403906,16.169471905169832,193.6756764855712,6.711858135785825,97.94564547329045,89.15715075416574,11.397695865941284
18.560322691909736,45.82285373312447,54.40360718464999,187.76841989193989,16.169471905169832,193.6756764855712,6.711858135785825,97.94564547329045,89.15715075416573,11.397695865941284
18.560322691909736,45.822853733124475,54.40360718465,187.76841989193989,16.169471905169832,193.67567648557122,5.673589614330889,97.94564547329045,89.15715075416574,9.18507066556599
18.560322691909736,45.822853733124475,53.435038699313644,187.76841989193989,16.169471905169832,193.6756764855712,5.4298372996996,97.94564547329045,89.15715075416574,8.771144344034555
18.589859335410786,38.18456587292707,53.435038699313644,187.76841989193989,16.453454734265474,192.4548353732115,6.735971953485702,97.20200083368086,89.15715075416574,11.896678757651324
18.589859335410786,36.5242511393302,53.435038699313644,187.76841989193989,19.134792541823277,192.4548353732115,6.949852059783038,97.20200083368086,89.15715075416573,9.98376493018762
18.589859335410786,42.40537739757741,53.435038699313644,187.76841989193989,19.134792541823277,192.4548353732115,6.949852059783038,98.16233568877752,89.24417706743294,12.050349692694308
18.58985933541079,50.350223002120316,45.3143971236485,160.71938616006273,19.134792541823277,192.4548353732115,6.949852059783038,98.16233568877752,96.5907438478747,12.05034969269431
18.589859335410786,50.350223002120316,43.38182989068999,195.03135508497678,19.134792541823277,196.48034351797995,6.025000496927409,98.1623356887775,96.5907438478747,12.027399152698472
14.957168448029826,50.350223002120316,41.23093306933542,195.03135508497678,16.518269118333464,161.91208308028536,5.773300021495602,98.20524470621234,96.5907438478747,12.027399152698472
18.39301267969323,50.350223002120316,53.89620253164559,195.03135508497678,17.438979303345533,194.24262549977794,7.0305733685401846,98.20524470621234,96.59074384787468,12.027399152698472
18.393012679693225,50.350223002120316,53.89620253164559,195.03135508497678,17.690880917664785,194.24262549977797,6.759894014211743,98.20524470621234,96.5907438478747,12.027399152698475
18.7215849843588,42.8182492261948,53.89620253164559,195.03135508497678,18.50003158704331,194.24262549977794,6.759894014211743,98.20524470621235,96.5907438478747,12.027399152698475
18.7215849843588,51.279671811778755,53.89620253164559,195.03135508497678,19.302906909077212,194.24262549977797,6.759894014211743,100.55346057532465,92.77974997417078,12.061429068851137
18.7215849843588,53.535587481483205,53.89620253164559,195.03135508497678,22.14828474576271,194.24262549977794,6.759894014211743,100.55346057532465,92.77974997417077,12.42205152505175
18.7215849843588,53.5355874814832,53.89620253164559,130.019175,19.375627110659135,162.42445341786433,7.016037701384579,100.55346057532465,92.77974997417077,12.42205152505175
18.7215849843588,53.5355874814832,57.4053367950382,130.019175,18.450197946365346,191.6016607644404,7.281752215837144,83.2683483583114,72.17391188305686,12.42205152505175
18.818341342798462,53.5355874814832,47.338593421318315,198.43880618551736,17.65359797167608,191.6016607644404,7.281752215837144,85.94877473861625,81.80828842577131,12.42205152505175
18.818341342798462,44.83531096591605,45.27965534160295,198.43880618551734,16.859212825461388,191.6016607644404,7.281752215837144,102.70170510064474,81.80828842577131,10.57175244469661
18.818341342798462,53.734877907236324,56.88638234809811,198.43880618551734,17.81921559954292,191.6016607644404,7.23297823944196,102.70170510064474,81.80828842577131,10.11876163241639
18.496763422278114,53.734877907236324,55.217899632551294,198.43880618551736,12.264446896940349,191.6016607644404,7.23297823944196,102.70170510064474,81.80828842577131,6.503624999999991
18.496763422278114,53.734877907236324,55.217899632551294,198.43880618551736,12.264446896940347,160.71281191503533,7.23297823944196,102.70170510064474,81.80828842577131,6.503624999999991
18.496763422278114,53.734877907236324,55.217899632551294,165.88547124968932,12.264446896940349,192.77195025802757,7.23297823944196,102.08637063905289,81.80828842577131,12.580236299771556
18.496763422278114,53.734877907236324,55.217899632551294,161.8577323548059,12.264446896940349,193.82114049238967,7.395093238879042,102.08637063905289,69.71384196300353,12.580236299771554
18.640927867810586,35.10350000000005,55.217899632551294,154.53241712528524,15.794943271603822,193.82114049238967,7.395093238879042,102.08637063905289,46.20762499999991,12.580236299771556
18.640927867810586,35.10350000000005,55.217899632551294,147.30296567810035,15.370843204352012,193.82114049238967,7.395093238879042,85.75703041642586,46.20762499999991,12.580236299771556
18.640927867810586,50.66253148027237,58.829790061121415,197.48063370027367,15.370843204352012,193.82114049238967,6.229297873621087,89.59461762420557,74.2763638133243,12.580236299771556
18.979753011129695,50.66253148027238,50.60852966927845,197.48063370027367,15.370843204352012,193.82114049238967,5.958390957970153,88.83259225736558,74.2763638133243,10.607270851858216
18.473376256636133,50.66253148027238,61.30992090529369,195.75514276079127,15.370843204352012,162.06839215122395,7.880049634633936,101.61559944952634,74.2763638133243,12.691407081529839
18.473376256636133,50.66253148027238,61.30992090529369,195.75514276079127,15.370843204352012,155.5331077482886,8.06539160886254,101.61559944952634,74.2763638133243,12.85816528530097
18.473376256636136,50.66253148027238,61.30992090529369,195.75514276079127,16.627502651283862,147.00063250673372,8.065391608862539,101.61559944952634,74.2763638133243,12.85816528530097
18.473376256636133,49.9010426094197,60.34916467275077,195.7551427607913,18.50006718022217,195.5465170954522,8.065391608862539,101.61559944952634,86.94261053035389,12.85816528530097
18.473376256636133,48.61490219849396,60.349164672750774,195.75514276079127,18.50006718022217,195.5465170954522,8.06539160886254,101.61559944952634,88.52562025316466,12.85816528530097
18.473376256636133,48.61490219849396,60.349164672750774,195.61260467991835,18.50006718022217,195.5465170954522,8.06539160886254,99.721328503702,88.52562025316466,13.070419704886044
18.473376256636133,48.61490219849396,60.34916467275077,195.61260467991835,18.50006718022217,195.5465170954522,8.065391608862539,85.18306682262339,88.52562025316466,13.070419704886046
12.559825000000036,48.61490219849396,60.34916467275077,195.74894056573794,16.3665308113004,195.5465170954522,7.786776670104286,81.5798028193563,88.92748728464314,12.572948748321885
14.701981249021632,48.61490219849396,50.873825916559625,195.74894056573794,16.31685918211999,195.37694340318282,7.786776670104286,77.9698907275223,88.92748728464314,12.572948748321885
18.270377959927202,41.43191535727149,43.27067500000004,195.74894056573794,17.03808144070292,158.5923493839486,7.786776670104286,100.71876130526005,88.92748728464314,12.572948748321885
18.270377959927202,38.17614563615101,51.16298555856439,195.74894056573794,19.72348929579579,151.0247491094653,7.786776670104286,100.54523826184312,94.69283616530319,9.924542560119441
18.270377959927206,36.442224243460906,48.81157748072337,195.74894056573794,19.72348929579579,143.7958022035475,7.786776670104286,100.54523826184312,94.69283616530319,12.225165983671653
18.270377959927202,44.89937536195909,62.754000042838456,196.3193227091632,19.72348929579579,192.05518218545944,7.786776670104286,100.54523826184312,80.13539081882391,12.225165983671653
18.270377959927202,44.89937536195909,62.754000042838456,196.31932270916317,19.72348929579579,190.4876083931057,8.05208626788119,100.54523826184312,76.56073625358371,12.225165983671653
18.270377959927202,44.899375361959095,62.75400004283847,159.8766906323377,18.585982885853372,190.4876083931057,7.790230752641802,99.99296690415576,73.10286951961407,12.48309127976628
14.677430095666907,44.899375361959095,62.754000042838456,196.44792803518848,18.585982885853372,190.4876083931057,7.790230752641801,100.07289407086046,60.17252499999994,12.48309127976628
18.13449344457689,44.03589260480449,62.75400004283847,196.44792803518848,15.57611908216456,193.5959723462928,7.790230752641801,100.07289407086046,96.01564964212056,12.48309127976628
18.13449344457689,44.03589260480449,60.1251442804204,163.3538189585605,15.57611908216456,193.5959723462928,7.790230752641802,100.07289407086046,96.01564964212056,12.48309127976628
18.13449344457689,44.03589260480449,59.82117186283026,196.74770320932737,13.50890847797662,193.5959723462928,6.079530532593348,100.07289407086046,96.01564964212056,12.48309127976628
18.13449344457689,36.16906387384203,59.82117186283026,196.74770320932737,12.940380131477617,193.5959723462928,6.362098353436105,100.07289407086046,96.01564964212055,12.239081396077435
18.13449344457689,34.58083601389541,59.82117186283026,196.74770320932737,12.378601436580878,192.93661826032957,6.641311487821368,85.72573679857908,96.01564964212055,12.239081396077435
15.254937379949684,45.15921582288278,59.82117186283024,196.74770320932737,13.65156270311426,192.93661826032957,7.741584132678267,82.06820850133498,90.56813524590162,12.139905624282614
15.063137632874032,45.15921582288278,59.82117186283024,196.74770320932737,10.577573803026509,192.93661826032957,7.741584132678267,78.05922116311433,90.56813524590162,12.139905624282614
18.882351747783584,45.15921582288278,60.625830234849246,165.6265795197302,10.577573803026507,192.93661826032957,7.741584132678267,103.116083975642,79.03520771833826,12.139905624282614
18.882351747783584,44.49875349783768,50.30403002974018,197.90814702353254,10.577573803026509,159.0529285809353,6.549960795055765,103.116083975642,79.03520771833826,12.139905624282614
18.882351747783584,44.49875349783769,58.637528497846844,197.90814702353254,14.5959626854259,192.49716894613036,6.272166951094827,103.116083975642,76.31510902546131,12.139905624282614
18.882351747783584,44.49875349783768,58.637528497846844,197.90814702353256,14.5959626854259,192.49716894613036,5.991921605491872,103.116083975642,76.31510902546131,12.475470731394905
19.081689459034227,44.68225294338057,58.637528497846844,197.90814702353254,14.5959626854259,192.49716894613036,7.448622118155618,87.7652478684823,76.31510902546131,12.481312831342535
19.081689459034227,44.68225294338057,58.637528497846844,197.90814702353254,16.43360974869797,162.41796300283838,7.448622118155618,86.88212103633506,72.92722686720546,12.481312831342535
19.081689459034227,37.69060208920486,45.37942048710609,167.82335995169143,16.43360974869797,196.32985530071878,7.448622118155618,83.13614835260714,72.92722686720546,12.481312831342535
18.8026010731082,46.36180502177808,39.47020000000006,195.6992814097721,16.43360974869797,195.97778393607697,7.448622118155618,101.93892449755579,72.92722686720546,12.481312831342535
18.8026010731082,46.36180502177808,46.340729083094615,195.04155330200368,14.247209269465651,195.97778393607697,7.448622118155618,101.93892449755579,72.92722686720546,12.481312831342535
18.8026010731082,47.38920629139824,55.27502488022783,195.04155330200368,13.634235625839214,195.97778393607697,7.448622118155618,101.93892449755579,68.68524264457855,12.481312831342535
18.8026010731082,47.38920629139824,55.275024880227825,195.04155330200368,13.017701366767227,195.97778393607697,6.302121876354481,101.93892449755579,72.05566979494287,12.203787594945341
18.8026010731082,47.38920629139824,55.275024880227825,195.04155330200368,16.99314819176497,195.97778393607697,7.306059568640876,101.93892449755579,75.3227830966288,10.188281224525143
18.87831744395767,47.38920629139824,55.275024880227825,195.04155330200368,16.99314819176497,195.97778393607697,7.306059568640876,103.29452753724615,68.1292444444444,9.732673154313849
18.487919331252595,47.38920629139824,55.275024880227825,195.04155330200368,16.99314819176497,192.22265802541878,7.306059568640876,100.66444155639577,75.98758525334213,12.122574651052263
18.487919331252595,47.38920629139824,55.275024880227825,126.56912499999994,16.99314819176497,189.22882385422415,7.306059568640876,100.66444155639577,72.76539101629903,12.122574651052263
18.487919331252595,28.77014999999998,44.66777142429685,150.39234587282775,16.99314819176497,189.2288238542242,7.306059568640876,100.66444155639577,69.42341260687513,12.122574651052263
18.487919331252595,38.27894513676124,52.55854832379731,191.0984578365962,16.955948956634952,189.2288238542242,6.6150989745494115,100.66444155639577,86.26073607074142,12.122574651052265
18.487919331252595,39.962838696105855,52.55854832379731,191.0984578365962,19.913099554668683,189.2288238542242,6.6150989745494115,97.41097289826341,86.26073607074142,12.122574651052265
14.682908069412468,46.28200346343414,52.55854832379731,191.0984578365962,19.913099554668683,189.2288238542242,7.257464942562352,97.41097289826341,90.9451090592801,12.129100478238934
15.35485408160655,46.28200346343413,52.55854832379731,191.09845783659614,19.91309955466868,189.2288238542242,7.257464942562353,97.41097289826338,90.9451090592801,12.129100478238934
18.054975697109235,48.21143667485577,51.50895164267256,191.09845783659614,19.91309955466868,165.00819406977845,7.257464942562353,97.41097289826338,90.14789646638808,12.129100478238934
18.05497569710924,48.21143667485577,51.50895164267256,191.0984578365962,19.913099554668683,191.66631668904893,7.257464942562352,80.07425499669495,90.14789646638808,12.129100478238934
18.054975697109235,48.21143667485577,52.901988479618616,188.87884145828056,16.758809271043727,191.66631668904895,7.729723997939807,98.74102491620565,90.14789646638808,11.911591136844445
18.054975697109235,48.21143667485577,52.901988479618616,188.87884145828056,16.02600720743192,191.66631668904895,7.729723997939808,98.7410249162056,90.14789646638809,11.911591136844443
15.077409288394305,49.065037496767644,52.901988479618616,153.53567524557255,12.820171466690704,191.66631668904895,7.729723997939808,98.7410249162056,97.29619565217384,11.702534358845027
18.038432622082176,47.79639625178079,52.901988479618616,189.03330074085213,13.232843035987274,191.66631668904895,7.203852398852281,98.30608940083704,91.08643053130453,11.702534358845027
18.038432622082173,47.79639625178079,52.901988479618616,188.57549458250222,13.232843035987274,158.86848305850594,7.20385239885228,98.30608940083704,91.08643053130454,11.702534358845027
18.03552845714812,47.79639625178079,52.901988479618616,188.57549458250224,13.232843035987274,188.7296733842946,7.203852398852281,98.30608940083704,91.08643053130453,11.702534358845027
18.03552845714812,47.79639625178079,44.75605730415661,188.57549458250224,13.232843035987274,188.7296733842946,7.203852398852281,81.7779685116155,91.08643053130454,10.037686311099893
18.03552845714812,47.071751777634105,54.166117972698004,189.2361779926869,11.451033247761051,188.7296733842946,7.257700595766257,98.85497031220068,78.35030516750311,9.602937159668803
18.03552845714812,47.071751777634105,54.166117972698004,189.23617799268692,13.762066491270051,188.7296733842946,6.360156221702472,98.85497031220068,66.02471396597197,9.178525246921357
18.03552845714812,39.89644774833008,54.166117972698004,189.23617799268692,13.76206649127005,188.7296733842946,7.4371361746361755,98.85497031220068,74.18796964511567,10.552867682348701
15.079320101011811,38.054373195432,54.166117972698004,189.2361779926869,13.76206649127005,188.7296733842946,7.4371361746361755,98.85497031220068,74.18796964511567,12.381352732398627
14.33061628404598,36.12050872656753,54.166117972698004,152.57721816631704,13.762066491270051,192.2814159292037,7.4371361746361755,100.54510846745978,74.18796964511567,12.381352732398627
18.118004996050153,44.607262311414736,47.74288966018983,159.55719182734362,13.76206649127005,160.88907126106204,6.289751332582583,100.54510846745977,72.76042627318361,12.381352732398627
18.118004996050153,44.90277940110799,56.39145989234596,190.10368572927615,13.76206649127005,153.95412152654882,6.021518621217373,100.54510846745977,72.76042627318361,12.381352732398627
18.118004996050153,44.902779401108,54.55468519401493,190.10368572927615,11.46984140529912,190.8094726436586,7.175859055974599,100.54510846745977,72.76042627318361,12.143096296571848
18.118004996050153,44.902779401108,54.55468519401493,154.41171873360457,10.373071881597356,190.8094726436586,5.60988011365064,100.54510846745977,62.962022201728225,12.143096296571848
18.118004996050157,44.90277940110799,54.55468519401493,186.67985112161742,15.430977279408683,190.8094726436586,6.577696847921646,99.04383309912438,60.317180706698004,12.208825974505805
17.972951975369064,44.90277940110799,54.55468519401493,186.67985112161745,15.430977279408683,190.8094726436586,6.577696847921646,99.04383309912438,57.63595899853118,12.208825974505805
17.972951975369064,43.259833785259,54.55468519401493,186.67985112161742,15.430977279408683,187.3496971628946,6.577696847921646,98.04164331924,84.9541441306625,12.208825974505805
14.694161323962467,40.22167999638506,54.55468519401493,186.67985112161745,15.430977279408683,187.3496971628946,6.577696847921646,98.04164331923998,84.95414413066251,12.208825974505805
14.04833324964754,40.22167999638506,53.78242637644047,185.22407787522522,16.485454951072157,187.3496971628946,5.594532154338824,98.04164331923998,84.9541441306625,12.208825974505805
18.164780711485804,40.22167999638506,56.257033972125434,183.86062929543218,17.22235430458895,182.486817852335,7.015907105416433,98.04164331923998,84.9541441306625,12.073311004362983
18.23891718038058,40.22167999638506,56.257033972125434,183.8606292954322,16.756498391446147,182.486817852335,7.015907105416433,98.04164331923998,84.9541441306625,12.073311004362983
18.238917180380582,40.22167999638506,56.257033972125434,183.8606292954322,17.16985037298952,182.486817852335,7.36739393375512,97.04046023996075,84.9541441306625,12.073311004362983
18.23891718038058,40.22167999638506,56.257033972125434,183.8606292954322,17.16985037298952,180.05601475285656,7.36739393375512,97.04046023996075,89.67897082547232,12.073311004362981
18.23891718038058,42.51094890510958,56.257033972125434,183.86062929543218,17.16985037298952,180.05601475285656,7.367393933755118,78.55108589245935,87.54777420114621,12.073311004362983
18.23891718038058,42.51094890510958,47.34086419792965,183.8606292954322,17.16985037298952,149.76684190445206,7.36739393375512,95.44240280567139,87.54777420114621,12.073311004362981
18.238917180380582,42.51094890510958,46.52229692488063,185.86111111111128,17.16985037298952,185.88285600636425,6.297934844337968,95.44240280567139,87.54777420114621,11.830496403390072
18.23891718038058,42.51094890510958,44.46651298398521,184.27363079859427,17.16985037298952,185.88285600636422,6.120197995600092,95.44240280567139,87.54777420114621,11.830496403390072
14.318005959528266,42.51094890510958,42.43227028711739,184.27363079859427,16.05566059356021,185.88285600636422,5.8549307932045895,95.44240280567139,98.68501277570564,11.830496403390073
18.60146993434987,29.20347500000009,59.11098108470393,184.27363079859427,14.162405130078314,185.88285600636425,7.462080609380213,97.66169960720728,98.68501277570564,11.830496403390072
18.60146993434987,29.20347500000009,59.11098108470393,184.27363079859427,14.162405130078314,185.88285600636425,7.462080609380213,97.66169960720728,98.68501277570564,11.830496403390072
18.601469934349865,48.06939653135488,59.11098108470393,184.27363079859427,14.162405130078314,160.81718672386558,7.462080609380214,97.66169960720728,98.68501277570564,11.830496403390073
18.60146993434987,48.06939653135488,59.11098108470393,184.27363079859427,14.162405130078314,188.20706552991493,7.914751934729151,97.66169960720728,79.8201390209698,10.103539690905208
18.60146993434987,48.06939653135488,62.88608334269348,153.57921072210567,11.045276621975647,188.20706552991493,7.793273986152333,78.87825530538288,89.2146603798595,12.341925436965447
18.601469934349865,48.06939653135488,62.88608334269348,160.62199752775126,11.045276621975647,188.20706552991493,7.793273986152332,82.4734895068698,89.21466037985951,12.341925436965447
18.60146993434987,48.06939653135489,62.88608334269348,167.62293962202872,11.045276621975647,188.20706552991493,7.793273986152333,82.38311570381596,62.60807337784813,12.341925436965447
18.992130958182166,41.11589127089145,62.88608334269348,193.12943708351716,13.658598616289847,160.55683361654917,7.793273986152332,100.1480985355886,76.40760525124482,12.341925436965447
19.250665262224256,43.384117027884756,62.88608334269348,193.12943708351716,13.658598616289847,153.75628498206825,7.793273986152333,100.1480985355886,76.40760525124483,12.341925436965447
19.250665262224256,41.462629162692394,62.88608334269348,195.2654441514526,13.658598616289847,190.87036390690136,7.793273986152333,100.1480985355886,74.73782347504624,12.252966117454543
19.250665262224256,39.527025684165295,63.556695156695184,195.2654441514526,13.658598616289847,197.83836297006806,7.793273986152333,100.1480985355886,74.73782347504624,12.252966117454543
19.250665262224256,53.75326787034112,52.26876127730297,195.2654441514526,13.658598616289847,197.83836297006803,7.194581050067902,100.14809853558862,74.73782347504624,12.747190583699034
19.250665262224256,53.75326787034112,49.87797026115861,195.2654441514526,12.265748357578305,197.83836297006806,7.194581050067902,100.1480985355886,74.73782347504624,12.747190583699032
19.250665262224256,53.75326787034112,58.39637587680394,199.49038535398816,18.223954298993014,194.70895334662026,7.194581050067902,101.59539828352077,85.64560960202152,12.747190583699034
19.250665262224256,53.75326787034112,58.39637587680394,199.49038535398816,18.223954298993018,194.70895334662026,7.194581050067902,101.59539828352077,85.64560960202152,12.747190583699034
15.36812692325466,54.50673731589896,58.39637587680394,169.19499963818845,18.223954298993018,194.70895334662026,7.194581050067902,101.5953982835208,86.8788691201561,10.686642634706816
18.653818370408835,54.50673731589896,58.39637587680394,189.44240412844889,18.223954298993018,169.63924382477794,7.194581050067902,101.59539828352077,86.87886912015608,12.448832642373981
18.631430444324135,54.50673731589896,46.13638934819229,189.44240412844889,18.223954298993018,193.47051149643934,6.024742171326861,101.5953982835208,86.8788691201561,12.20637421231215
18.631430444324135,48.47482028714229,57.54265623544751,188.51804166966357,16.635051162790685,187.21125200049244,5.416422958740338,101.59539828352077,86.87886912015608,12.206374212312145
18.631430444324135,48.47482028714229,57.542656235447524,188.51804166966357,16.635051162790685,187.21125200049244,5.653152106427218,101.08960086026958,86.8788691201561,12.20637421231215
18.631430444324135,45.89927994380051,57.542656235447524,188.51804166966357,19.215591670898934,187.21125200049244,6.512493746544122,96.14560731759211,83.22024751762852,12.20637421231215
18.631430444324135,45.89927994380051,57.542656235447524,188.51804166966357,19.215591670898934,187.21125200049244,6.512493746544122,96.14560731759211,83.22024751762852,12.20637421231215
18.631430444324135,45.89927994380051,57.542656235447524,188.51804166966357,19.215591670898934,187.21125200049244,5.628513171752791,96.14560731759211,72.5982555526898,10.321031902030466
14.882709007965932,44.91644332334857,57.542656235447524,187.71556312947556,19.215591670898934,184.12185862474556,6.3805170955161605,96.14560731759211,75.83945641199692,9.876109561991688
14.214461702696173,44.91644332334857,57.542656235447524,181.50477106887985,16.201412610744313,156.14454220671547,6.3805170955161605,96.14560731759211,88.92183427454401,9.04806936578028
16.895284402672903,44.91644332334857,56.06116593183567,181.50477106887985,15.453605834885163,183.31209696216277,6.3805170955161605,96.14560731759211,88.92183427454401,11.922070983926398
16.895284402672903,44.91644332334857,56.061165931835674,181.50477106887985,14.75543933750917,183.31209696216277,6.019005123120141,92.72601514328618,75.98321337740745,11.922070983926398
16.895284402672903,44.91644332334856,56.061165931835674,152.54417230508113,16.263513967606798,183.31209696216277,5.118361323197263,96.1410960439316,88.64768726975039,11.922070983926398
16.895284402672903,23.680974999999908,56.061165931835674,145.91319800203144,16.263513967606798,177.49022783716677,4.898467002699273,96.1410960439316,88.64768726975039,11.922070983926398
16.895284402672903,40.850562749606574,56.061165931835674,186.53620944218372,16.263513967606798,177.49022783716677,6.516485670600223,96.14109604393158,88.64768726975039,11.922070983926398
16.895284402672903,40.850562749606574,46.755479563533726,186.53620944218375,16.263513967606798,152.68301032645877,6.516485670600223,96.1410960439316,93.72178742089629,11.930437743792956
16.895284402672903,40.850562749606574,35.055675000000086,182.49851438346894,16.263513967606798,145.89105094122317,6.623222503748913,96.14109604393158,93.72178742089629,9.690398637081296
17.074636665306183,40.850562749606574,64.75497357604226,182.49851438346892,16.263513967606798,139.33574519310383,6.623222503748913,96.1410960439316,78.60993021417194,12.13557226743588
16.898881373569186,40.850562749606574,64.75497357604226,182.49851438346892,12.19302347625517,132.81889566101586,6.623222503748913,80.42927042662423,75.16877858603469,12.13557226743588
16.898881373569186,40.850562749606574,64.75497357604226,182.49851438346892,12.49859984056578,182.52533858085448,5.587166525759701,76.95612212777844,85.75307129669073,12.13557226743588
16.898881373569186,33.94670417113765,64.75497357604226,182.49851438346892,12.49859984056578,182.52533858085448,5.347516258165719,73.53962690494465,75.10252697780682,12.344387135922348
16.898881373569186,47.65253540871075,64.75497357604226,192.38111373668005,12.49859984056578,182.52533858085448,7.946505886141632,95.95137705400917,75.10252697780682,12.344387135922348
16.898881373569186,47.65253540871075,64.75497357604227,192.38111373668005,12.49859984056578,182.52533858085448,8.57800415016036,95.95137705400917,75.10252697780682,12.344387135922348
17.123505158485823,47.65253540871075,62.293150169364026,192.38111373668008,12.49859984056578,184.18444511030378,8.57800415016036,95.95137705400917,75.10252697780682,12.36839982165983
17.123505158485823,47.652535408710754,61.999439844130634,192.38111373668008,12.887570234342872,188.86797414001038,8.57800415016036,95.95137705400917,75.10252697780685,12.36839982165983
17.123505158485823,47.65253540871075,61.999439844130634,192.38111373668008,12.887570234342872,188.86797414001038,8.57800415016036,100.72250054454369,64.84882471140749,12.36839982165983
17.53510086455327,40.996799893653,61.999439844130634,192.38111373668008,16.02480293420333,188.86797414001038,8.57800415016036,100.72250054454369,82.51557027922368,12.36839982165983
17.53510086455327,39.241598172765485,61.999439844130634,192.38111373668008,16.02480293420333,188.86797414001038,7.24069330315036,100.72250054454369,82.51557027922368,12.488180680845439
17.53510086455327,47.33925395972052,52.571736133165636,197.69075193732453,16.02480293420333,189.79559073344652,8.762205538572205,98.9066175252608,82.51557027922368,12.488180680845439
17.53510086455327,47.33925395972053,50.31805649483149,197.69075193732453,14.703870874809214,189.7955907334465,8.762205538572205,98.9066175252608,82.51557027922368,10.371121850925116
17.53510086455327,47.33925395972052,49.93633544786469,197.69075193732453,15.361416901420137,192.87431943072735,8.762205538572205,98.9066175252608,82.51557027922368,11.92313364467185
17.53510086455327,47.33925395972052,47.638867172213004,197.69075193732453,18.12253633286881,192.87431943072733,8.762205538572205,98.9066175252608,69.06324022453579,11.92313364467185
17.511130004637497,47.33925395972052,60.5145330112722,162.2671957222591,16.20788356043181,186.29076005062956,8.762205538572205,96.90343605282678,65.03951827037557,11.92313364467185
17.511130004637497,47.80614197530879,60.5145330112722,169.56990075224488,16.20788356043181,186.2907600506296,7.791732269979855,96.90343605282678,62.07641479227292,11.92313364467185
17.511130004637497,47.80614197530879,60.5145330112722,164.04085135369388,16.20788356043181,186.29076005062956,7.441984477837479,96.90343605282678,59.04094243682175,11.92313364467185
14.706639209325445,40.034456828189434,45.11668376800812,186.45279059090998,16.20788356043181,186.29076005062956,8.468369383681612,96.90343605282678,84.7136629941413,10.572824184381563
17.570918573246843,38.20587189763387,54.69932107964917,186.45279059090998,16.20788356043181,150.24191726342602,8.468369383681612,77.1327125121488,84.7136629941413,12.268224678089808
17.128774322151024,46.15531187860771,56.98137190444887,186.45279059091,16.20788356043181,157.92759426667507,8.468369383681612,95.5440245071321,93.67105994197185,12.268224678089808
17.128774322151024,46.15531187860771,56.98137190444887,186.45279059091,12.678850000000041,183.93215180390027,8.468369383681612,94.04411679171756,93.67105994197185,12.268224678089808
17.128774322151024,46.15531187860771,56.98137190444887,186.45279059091,16.624634229329732,183.93215180390024,7.144815256257445,94.04411679171756,93.67105994197185,12.26303756553273
17.128774322151024,43.30376256006991,56.98137190444887,186.45279059090998,16.624634229329732,183.93215180390024,7.144815256257445,94.04411679171756,93.67105994197185,12.26303756553273
17.128774322151024,43.30376256006992,55.392275761807404,183.189013445321,16.624634229329732,187.42510759088017,7.144815256257445,94.04411679171756,90.61632845681918,12.26303756553273
17.128774322151024,43.30376256006991,55.392275761807404,149.7837335560107,16.624634229329732,187.42510759088017,5.997536546483906,94.04411679171756,90.61632845681916,10.688524479010137
17.128774322151024,43.30376256006991,55.392275761807404,143.0576436123433,16.624634229329732,187.42510759088017,5.735202746324986,94.04411679171756,90.61632845681918,12.20069951088889
13.791664107960216,47.018451354618826,56.15714902186422,190.54316006352724,16.624634229329732,186.55576325390788,7.026064452523259,97.84593589872405,90.61632845681916,12.09084130467202
13.180041715540883,47.018451354618826,56.15714902186422,190.54316006352724,16.624634229329732,186.55576325390788,7.026064452523259,97.84593589872405,88.098502897144,12.09084130467202
17.797077641362648,47.018451354618826,58.09080007494839,190.54316006352724,11.083514092544569,186.55576325390788,7.026064452523257,97.84593589872405,82.15772101033312,12.09084130467202
17.797077641362645,48.998946798266665,58.0908000749484,190.54316006352724,10.596007403670626,161.0543677327789,7.035960468399628,99.07242754270092,82.15772101033312,12.09084130467202
17.797077641362645,48.998946798266665,46.01588917703999,184.9464417159845,11.483710904136336,150.73575754070302,7.035960468399628,99.07242754270094,82.15772101033312,9.183377777777778
17.797077641362648,48.998946798266665,48.19053007063808,184.9464417159845,11.483710904136336,143.98669301628138,7.035960468399628,99.07242754270092,82.15772101033312,9.183377777777778
15.239321240129634,48.998946798266665,50.36714880952367,187.07680309581593,11.483710904136336,186.45682596708158,7.228389628488641,99.06124448799612,82.15772101033312,12.84942860730881
15.213532034780233,39.082376615410794,44.48833333333322,187.07680309581593,11.088171475486718,186.45682596708158,7.228389628488641,99.06124448799613,62.01132553841781,12.84942860730881
14.531617465425171,37.22531653175649,48.966834345978924,187.07680309581593,11.088171475486718,186.45682596708158,7.228389628488641,99.06124448799613,64.88896639436842,12.84942860730881
17.658727305410736,51.94865309963532,46.72890240318107,197.40654164074286,17.674218405988526,186.45682596708156,7.221717401181277,99.06124448799613,63.21603710168297,12.84942860730881
17.658727305410736,46.625478369638664,44.56513965866417,197.40654164074286,17.674218405988526,168.258652107718,7.221717401181277,86.1312210312485,60.44722523148951,12.84942860730881
17.658727305410736,57.1966020185403,57.924235412086766,195.19370140993584,17.674218405988526,192.83691572126602,7.221717401181277,86.81068960625895,85.90600419234987,10.914921063344735
17.658727305410736,57.1966020185403,57.924235412086766,195.19370140993584,17.674218405988526,192.83691572126602,7.221717401181277,83.07018078423172,85.90600419234987,10.461432824006227
17.48921460676186,57.1966020185403,56.493119601815245,195.19370140993584,17.0053590378493,192.83691572126605,7.221717401181277,104.43230883045258,85.90600419234987,10.007944584667719
17.915863338318182,47.35664159877567,56.493119601815245,195.19370140993584,15.521085836077477,193.84931871407312,7.221717401181277,104.43230883045258,85.90600419234987,9.55445634532921
17.91586333831818,56.928366350847035,56.49311960181525,195.19370140993584,18.21634603481145,165.7110131620659,7.081599316911999,104.43230883045258,90.72066205399534,12.858868617650705
17.91586333831818,56.928366350847035,48.21405292416922,195.19370140993584,18.21634603481145,158.64843631691647,7.081599316911999,104.43230883045258,92.96547331724335,13.011712804676296
17.91586333831818,56.928366350847035,59.69172276675154,162.07919348192712,18.21634603481146,196.34777272399123,7.208913348440705,104.41933213151331,92.96547331724335,13.011712804676296
17.91586333831818,56.928366350847035,62.15131807145326,156.7207316629788,18.21634603481145,196.34777272399123,7.208913348440705,103.72794289180216,92.96547331724335,13.011712804676296
11.082225000000001,56.95805777434228,62.15131807145326,149.37624432676492,15.602148575932386,195.35755653612773,7.208913348440705,103.72794289180216,92.96547331724335,13.011712804676296
17.111700067770304,56.95805777434228,62.15131807145326,195.89102154916267,14.945145695610186,195.35755653612773,7.208913348440705,103.72794289180216,92.96547331724335,13.011712804676296
17.111700067770304,56.95805777434228,62.15131807145326,195.89102154916273,14.583300000000012,195.35755653612773,7.208913348440704,103.72794289180216,92.96547331724335,13.398765467379208
17.111700067770307,56.95805777434228,62.15131807145326,195.89102154916273,17.532051853557466,195.35755653612773,7.603667277215888,103.72794289180216,94.1444605109135,13.152545866831591
17.111700067770304,45.18981106244099,61.184711343197,195.89102154916273,20.688617698979225,195.35755653612773,7.603667277215888,103.72794289180216,94.1444605109135,13.152545866831593
17.111700067770307,57.361390891804824,61.42132456552375,195.89102154916273,20.688617698979225,197.2893161046332,7.603667277215888,103.93071358464492,94.1444605109135,13.152545866831593
14.726043883321998,57.30993407463983,61.42132456552373,168.7408671989335,20.688617698979225,197.2893161046332,7.602350944463645,105.49785273865787,94.14446051091353,13.152545866831593
17.422574609921323,57.30993407463983,61.42132456552375,203.23622205813254,20.688617698979225,197.2893161046332,7.795612725393373,105.49785273865787,94.14446051091353,13.137150066081949
17.57694725987776,57.30993407463983,61.42132456552375,203.23622205813257,17.2841332514647,197.2893161046332,7.795612725393374,105.49785273865787,94.1444605109135,13.137150066081949
17.57694725987776,57.30993407463982,54.38830835116212,203.23622205813254,16.533136428991757,197.2893161046332,7.795612725393374,105.49785273865787,94.1444605109135,13.137150066081949
17.57694725987776,56.4053582205362,65.01857434600798,203.23622205813254,17.37912506739546,197.2893161046332,7.795612725393374,105.03034556637068,54.10579999999996,12.960497365818235
17.57694725987776,56.4053582205362,65.01857434600798,203.23622205813257,12.011937557392098,197.2893161046332,7.795612725393374,105.03034556637068,54.10579999999996,12.960497365818235
17.69549842837894,56.4053582205362,61.469625863642385,203.23622205813254,12.011937557392098,199.2560654463822,7.795612725393373,89.23598808951185,85.67823967626245,12.960497365818233
17.69549842837894,56.4053582205362,61.469625863642385,208.3847766636274,12.011937557392098,199.2560654463822,7.795612725393373,104.16584753738387,85.67823967626245,10.033989154572351
17.69549842837894,47.63067220966695,61.469625863642385,204.53110572362172,12.011937557392098,199.2560654463822,5.304875000000009,104.16584753738387,85.67823967626245,10.491825694584447
17.92559866519392,57.04974330000732,61.469625863642385,204.53110572362172,10.010448461891642,199.2560654463822,5.304875000000009,104.16584753738387,85.67823967626245,12.56067325136064
17.92559866519392,57.04974330000733,61.46962586364239,204.53110572362175,9.059167602973835,199.25606544638222,6.363447545689642,88.01203938094758,85.67823967626244,10.482614534200117
17.92559866519392,57.04974330000732,58.03140796657022,204.53110572362172,15.659182449224426,168.21623082748528,7.587689829728495,84.1249171703442,85.67823967626245,12.655285662493887
17.92559866519392,57.04974330000733,49.40552276740595,204.53110572362172,15.659182449224426,163.3541089707601,7.587689829728495,80.3697383666215,76.92270767725572,12.655285662493887
17.572167501238066,57.04974330000732,47.27867166543114,204.16829116208882,15.659182449224426,195.6209441519287,7.587689829728495,103.0843481663945,77.94170747904035,12.655285662493887
17.62678344757553,48.44933602602205,45.178901887174085,204.16829116208882,15.659182449224426,195.6209441519287,7.587689829728495,103.0843481663945,77.94170747904035,12.655285662493887
17.62678344757553,46.38603697667178,56.697845574549156,202.43742705226308,16.838767693588643,195.6209441519287,7.91782588166926,103.0843481663945,77.94170747904035,12.655285662493887
17.62678344757553,31.626525000000072,56.697845574549156,202.43742705226308,14.115167180682734,195.6209441519287,7.91782588166926,103.0843481663945,77.94170747904035,12.71205129741718
17.62678344757553,47.61041985735284,56.697845574549156,202.43742705226308,17.512975622919818,195.6209441519287,7.667303011501929,103.0843481663945,91.5981363221689,12.722240599845641
14.931354478717104,55.20350920548635,56.697845574549156,202.43742705226308,17.512975622919814,195.6209441519287,7.667303011501929,103.0843481663945,91.5981363221689,12.722240599845641
14.274756795294914,55.20350920548635,54.321207046272235,202.43742705226308,17.512975622919814,162.16174675932575,7.667303011501929,102.47780228209827,91.5981363221689,12.722240599845641
13.619334230769232,55.20350920548635,55.93906754885376,197.51807387862846,17.512975622919814,194.8863528292916,7.667303011501929,103.19898924631933,91.5981363221689,12.722240599845641
12.648594087273729,55.20350920548635,55.93906754885376,197.51807387862846,17.512975622919818,194.8863528292916,6.573988198189596,103.19898924631933,91.5981363221689,12.722240599845641
17.4952603992417,54.51022176022187,55.93906754885376,197.05627928772304,19.24487170323779,194.8863528292916,7.281014202317678,103.19898924631934,91.5981363221689,10.890309440014653
17.495260399241698,54.51022176022187,55.93906754885376,197.05627928772307,19.24487170323779,194.8863528292916,7.014321063349886,103.19898924631934,78.37226496295825,10.736600513243506
17.495260399241698,54.77977747890947,55.93906754885376,197.05627928772307,19.24487170323779,193.64522506958406,7.014321063349886,101.77207248643194,78.12224076325181,12.354439106840992
17.495260399241698,54.77977747890947,56.78166644676076,197.05627928772307,19.24487170323779,193.64522506958406,7.014321063349886,101.26796839567466,93.39335073893987,12.354439106840992
17.660179746656233,54.77977747890948,56.59203684117738,197.20387909137094,17.113366355070607,191.94782261685032,7.014321063349886,101.26796839567466,93.39335073893987,12.35443910684099
17.53885659593339,47.24557991692824,56.59203684117738,197.20387909137094,17.113366355070607,191.94782261685032,7.014321063349886,101.26796839567466,93.39335073893987,12.354439106840992
17.53885659593339,45.21051118358676,56.59203684117738,197.70636347958867,17.113366355070607,191.94782261685032,5.068924999999981,101.26796839567466,93.39335073893987,12.354439106840992
17.53885659593339,42.478415630203614,56.59203684117738,197.70636347958867,12.24848404925697,165.5784572964643,5.068924999999981,86.65696965556427,93.39335073893987,12.354439106840992
17.53885659593339,40.552972941516366,56.59203684117738,197.70636347958867,14.059280298095253,158.63634437848825,5.859036003476686,82.99444479858737,93.39335073893989,8.399174999999959
17.40105641472454,51.213113723518,56.59203684117738,197.70636347958867,12.715308641975321,193.77630635104572,7.865450200934046,58.139949999999985,78.13158009832571,12.525619793855185
17.40105641472454,51.213113723518,48.549729593971726,168.24536939941495,12.71530864197532,168.5691237547815,7.865450200934046,58.139949999999985,66.47837500000016,12.525619793855187
17.70231414923719,51.213113723518,57.339927575107325,161.00272628394603,12.71530864197532,194.61324069013935,7.865450200934046,102.55507462333547,92.9198622706476,12.525619793855185
17.702314149237193,51.213113723518,57.33992757510733,122.00852499999966,12.71530864197532,194.61324069013935,7.865450200934046,102.55507462333547,92.9198622706476,12.525619793855185
17.702314149237193,49.541323840548074,57.33992757510733,144.08841373944685,12.71530864197532,194.61324069013935,7.865450200934046,102.55507462333546,92.9198622706476,12.525619793855185
17.70231414923719,49.769462569699755,57.33992757510733,198.20684423072436,8.808507243756798,195.15891143238957,7.865450200934046,102.55507462333547,92.9198622706476,12.461838887469426
17.702314149237193,49.76946256969975,57.33992757510733,198.20684423072433,8.570961610358081,195.15891143238957,7.431061024136621,102.55507462333546,92.9198622706476,12.461838887469428
17.560000730713693,49.76946256969975,57.33992757510733,198.20684423072436,14.309565787855167,195.15891143238957,6.862796440584168,87.07353148332112,86.78224912459748,12.381103612544663
