/ && GET,/setCurrency && POST,avg
4.125,4.925000000000001,9.05
7.375000000000001,7.7,15.075000000000001
7.375000000000001,7.7,15.075000000000001
7.375000000000001,7.7,15.075000000000001
10.675,11.350000000000001,22.025000000000002
10.675,11.350000000000001,22.025000000000002
14.675,14.850000000000001,29.525000000000002
14.675,14.850000000000001,29.525000000000002
14.675,14.850000000000001,29.525000000000002
18.875,19.275000000000002,38.150000000000006
18.875,19.275000000000002,38.150000000000006
23.075000000000003,23.425,46.5
23.075000000000003,23.425,46.5
23.075000000000003,23.425,46.5
27.05,27.475,54.525000000000006
27.05,27.475,54.525000000000006
29.95,29.75,59.7
29.95,29.75,59.7
31.125,31.125,62.25
31.125,31.125,62.25
31.125,31.125,62.25
31.975,32.050000000000004,64.025
31.975,32.050000000000004,64.025
32.975,32.625,65.6
32.975,32.625,65.6
32.975,32.625,65.6
32.775000000000006,33.175000000000004,65.95000000000002
32.775000000000006,33.175000000000004,65.95000000000002
31.825,32.325,64.15
31.825,32.325,64.15
31.699999999999992,32.04999999999999,63.749999999999986
31.700000000000003,32.050000000000004,63.75000000000001
31.700000000000003,32.050000000000004,63.75000000000001
31.975,32.4,64.375
31.975,32.4,64.375
32.15,32.525,64.675
32.15,32.525,64.675
32.15,32.525,64.675
32.475,32.375,64.85
32.475,32.375,64.85
32.1,32.675000000000004,64.775
32.1,32.675000000000004,64.775
32.125,32.525,64.65
32.125,32.525,64.65
32.125,32.525,64.65
32.425,31.900000000000002,64.325
32.425,31.900000000000002,64.325
32.925,32.525,65.44999999999999
32.925,32.525,65.44999999999999
32.925,32.525,65.44999999999999
32.6,32.775,65.375
32.6,32.775,65.375
32.550000000000004,32.25,64.80000000000001
32.550000000000004,32.25,64.80000000000001
32.2,31.85,64.05000000000001
32.2,31.85,64.05000000000001
32.2,31.85,64.05000000000001
32.1,31.75,63.85
32.1,31.75,63.85
32.175000000000004,31.925,64.10000000000001
32.175000000000004,31.925,64.10000000000001
32.175000000000004,31.925,64.10000000000001
32.0,32.125,64.125
32.0,32.125,64.125
31.925,32.5,64.425
31.925,32.5,64.425
31.925,32.5,64.425
32.3,32.45,64.75
32.3,32.45,64.75
32.475,32.300000000000004,64.775
32.475,32.300000000000004,64.775
32.2,32.35,64.55000000000001
32.2,32.35,64.55000000000001
32.2,32.35,64.55000000000001
32.0,32.375,64.375
32.0,32.375,64.375
32.025000000000006,32.375,64.4
32.025000000000006,32.375,64.4
32.025000000000006,32.375,64.4
32.525,32.2,64.725
32.525,32.2,64.725
32.575,32.275,64.85
32.575,32.275,64.85
33.125,32.675000000000004,65.80000000000001
33.125,32.675000000000004,65.80000000000001
33.125,32.675000000000004,65.80000000000001
33.225,33.225,66.45
33.225,33.225,66.45
33.725,33.525,67.25
33.725,33.525,67.25
33.725,33.525,67.25
34.0,33.725,67.725
34.0,33.725,67.725
34.325,34.575,68.9
34.325,34.575,68.9
34.325,34.575,68.9
34.6,34.550000000000004,69.15
34.6,34.550000000000004,69.15
34.375,34.45,68.825
34.375,34.45,68.825
34.325,34.15,68.475
34.325,34.15,68.475
34.325,34.15,68.475
33.949999999999996,34.35,68.3
33.949999999999996,34.35,68.3
33.475,33.875,67.35
33.475,33.875,67.35
33.475,33.875,67.35
31.175,31.55,62.725
31.175,31.55,62.725
30.925,31.1,62.025000000000006
30.925,31.1,62.025000000000006
28.6,29.125,57.725
28.6,29.125,57.725
28.6,29.125,57.725
27.875,28.075000000000003,55.95
27.875,28.075000000000003,55.95
27.875,28.375,56.25
27.875,28.375,56.25
27.875,28.375,56.25
27.55,27.725,55.275000000000006
27.55,27.725,55.275000000000006
27.2,26.775000000000002,53.975
27.2,26.775000000000002,53.975
27.375,26.900000000000002,54.275000000000006
27.375,26.900000000000002,54.275000000000006
27.375,26.900000000000002,54.275000000000006
29.6,29.525000000000002,59.125
29.6,29.525000000000002,59.125
29.6,29.900000000000002,59.5
29.6,29.900000000000002,59.5
29.6,29.900000000000002,59.5
32.35,31.700000000000003,64.05000000000001
32.35,31.700000000000003,64.05000000000001
33.45,32.875,66.325
33.45,32.875,66.325
33.45,32.875,66.325
33.275,32.375,65.65
33.275,32.375,65.65
31.250000000000004,32.225,63.47500000000001
31.250000000000004,32.225,63.47500000000001
31.025000000000002,32.050000000000004,63.075
31.025000000000002,32.050000000000004,63.075
31.025000000000002,32.050000000000004,63.075
31.25,31.650000000000002,62.900000000000006
31.25,31.650000000000002,62.900000000000006
31.05,31.150000000000002,62.2
31.05,31.150000000000002,62.2
31.05,31.150000000000002,62.2
31.425,31.450000000000003,62.875
31.425,31.450000000000003,62.875
31.0,31.200000000000003,62.2
31.0,31.200000000000003,62.2
29.85,30.475,60.325
29.85,30.475,60.325
29.85,30.475,60.325
29.975,30.575000000000003,60.550000000000004
29.975,30.575000000000003,60.550000000000004
32.6,31.625,64.225
32.6,31.625,64.225
32.6,31.625,64.225
33.175000000000004,33.0,66.17500000000001
33.175000000000004,33.0,66.17500000000001
33.9,33.325,67.225
33.9,33.325,67.225
33.9,33.325,67.225
34.1,33.6,67.7
34.1,33.6,67.7
33.75,33.725,67.475
33.75,33.725,67.475
34.074999999999996,34.0,68.07499999999999
34.074999999999996,34.0,68.07499999999999
34.074999999999996,34.0,68.07499999999999
35.075,34.875,69.95
35.075,34.875,69.95
35.12500000000001,35.275,70.4
35.12500000000001,35.275,70.4
35.12500000000001,35.275,70.4
34.625,35.025,69.65
34.625,35.025,69.65
34.625,34.225,68.85
34.625,34.225,68.85
34.075,34.2,68.275
34.075,34.2,68.275
34.075,34.2,68.275
34.150000000000006,34.125,68.275
34.150000000000006,34.125,68.275
34.175000000000004,33.4,67.575
34.175000000000004,33.4,67.575
34.175000000000004,33.4,67.575
33.6,33.0,66.6
33.6,33.0,66.6
33.125,32.95,66.075
33.125,32.95,66.075
33.300000000000004,32.9,66.2
33.300000000000004,32.9,66.2
33.300000000000004,32.9,66.2
33.35,33.300000000000004,66.65
33.35,33.300000000000004,66.65
33.125,32.65,65.775
33.125,32.65,65.775
33.125,32.65,65.775
32.85,32.65,65.5
32.85,32.65,65.5
31.725,31.475,63.2
31.725,31.475,63.2
31.725,31.475,63.2
31.650000000000002,32.025,63.675
31.650000000000002,32.025,63.675
31.575000000000003,31.950000000000003,63.525000000000006
31.575000000000003,31.950000000000003,63.525000000000006
31.15,31.55,62.7
31.15,31.55,62.7
31.15,31.55,62.7
31.3,31.6,62.900000000000006
31.3,31.6,62.900000000000006
31.949999999999992,31.449999999999992,63.399999999999984
31.95,31.450000000000003,63.400000000000006
31.95,31.450000000000003,63.400000000000006
32.375,32.425000000000004,64.80000000000001
32.375,32.425000000000004,64.80000000000001
32.125,32.525,64.65
32.125,32.525,64.65
32.775000000000006,33.275,66.05000000000001
32.775000000000006,33.275,66.05000000000001
32.775000000000006,33.275,66.05000000000001
33.1,33.125,66.225
33.1,33.125,66.225
33.6,33.325,66.92500000000001
33.6,33.325,66.92500000000001
33.6,33.325,66.92500000000001
34.375,33.85,68.225
34.375,33.85,68.225
34.150000000000006,33.625,67.775
34.150000000000006,33.625,67.775
33.65,33.775,67.425
33.65,33.775,67.425
33.65,33.775,67.425
33.1,33.65,66.75
33.1,33.65,66.75
33.475,33.225,66.7
33.475,33.225,66.7
33.475,33.225,66.7
33.45,33.225,66.67500000000001
33.45,33.225,66.67500000000001
33.225,33.125,66.35
33.225,33.125,66.35
33.225,33.125,66.35
32.825,32.725,65.55000000000001
32.825,32.725,65.55000000000001
31.400000000000002,31.725,63.125
31.400000000000002,31.725,63.125
30.85,30.875,61.725
30.85,30.875,61.725
30.85,30.875,61.725
30.325000000000003,30.400000000000002,60.72500000000001
30.325000000000003,30.400000000000002,60.72500000000001
30.625000000000004,30.075000000000003,60.7
30.625000000000004,30.075000000000003,60.7
30.625000000000004,30.075000000000003,60.7
30.3,30.6,60.900000000000006
30.3,30.6,60.900000000000006
30.5,30.75,61.25
30.5,30.75,61.25
30.675000000000004,30.8,61.47500000000001
30.675000000000004,30.8,61.47500000000001
30.675000000000004,30.8,61.47500000000001
30.95,31.175,62.125
30.95,31.175,62.125
32.175000000000004,31.8,63.97500000000001
32.175000000000004,31.8,63.97500000000001
32.175000000000004,31.8,63.97500000000001
32.225,32.75,64.975
32.225,32.75,64.975
31.525000000000002,31.8,63.325
31.525000000000002,31.8,63.325
30.7,31.175,61.875
30.7,31.175,61.875
30.7,31.175,61.875
30.900000000000002,30.575000000000003,61.47500000000001
30.900000000000002,30.575000000000003,61.47500000000001
29.575000000000003,29.0,58.575
29.575000000000003,29.0,58.575
29.575000000000003,29.0,58.575
28.150000000000002,27.950000000000003,56.10000000000001
28.150000000000002,27.950000000000003,56.10000000000001
27.399999999999995,27.449999999999992,54.84999999999999
27.400000000000002,27.450000000000003,54.85000000000001
27.375000000000004,27.5,54.875
27.375000000000004,27.5,54.875
27.375000000000004,27.5,54.875
27.250000000000004,26.950000000000003,54.2
27.250000000000004,26.950000000000003,54.2
27.55,27.625,55.175
27.55,27.625,55.175
27.55,27.625,55.175
27.575000000000003,27.55,55.125
27.575000000000003,27.55,55.125
27.000000000000004,27.25,54.25
27.000000000000004,27.25,54.25
27.000000000000004,27.25,54.25
28.000000000000004,28.400000000000002,56.400000000000006
28.000000000000004,28.400000000000002,56.400000000000006
29.000000000000004,29.05,58.050000000000004
29.000000000000004,29.05,58.050000000000004
29.450000000000003,29.25,58.7
29.450000000000003,29.25,58.7
29.450000000000003,29.25,58.7
29.175,29.025000000000002,58.2
29.175,29.025000000000002,58.2
29.625000000000007,29.375000000000007,59.000000000000014
29.625,29.375,59.0
29.625,29.375,59.0
29.6,29.275000000000002,58.875
29.6,29.275000000000002,58.875
29.95,29.450000000000003,59.400000000000006
29.95,29.450000000000003,59.400000000000006
30.35,30.025000000000002,60.375
30.35,30.025000000000002,60.375
30.35,30.025000000000002,60.375
30.525000000000002,30.400000000000002,60.925000000000004
30.525000000000002,30.400000000000002,60.925000000000004
30.5,30.3,60.8
30.5,30.3,60.8
30.5,30.3,60.8
30.349999999999994,30.349999999999994,60.69999999999999
30.35,30.35,60.7
30.45,30.3,60.75
30.45,30.3,60.75
29.625,29.950000000000003,59.575
29.625,29.950000000000003,59.575
29.625,29.950000000000003,59.575
30.450000000000003,30.05,60.5
30.450000000000003,30.05,60.5
30.400000000000002,30.625,61.025000000000006
30.400000000000002,30.625,61.025000000000006
30.400000000000002,30.625,61.025000000000006
30.450000000000003,30.200000000000003,60.650000000000006
30.450000000000003,30.200000000000003,60.650000000000006
30.05,30.025000000000002,60.075
30.05,30.025000000000002,60.075
29.75,29.925,59.675
29.75,29.925,59.675
29.75,29.925,59.675
29.175,29.275000000000002,58.45
29.175,29.275000000000002,58.45
28.525000000000002,28.75,57.275000000000006
28.525000000000002,28.75,57.275000000000006
28.525000000000002,28.75,57.275000000000006
29.150000000000002,28.825000000000003,57.97500000000001
29.150000000000002,28.825000000000003,57.97500000000001
28.525000000000002,28.85,57.375
28.525000000000002,28.85,57.375
28.525000000000002,28.85,57.375
28.675,28.425,57.1
28.675,28.425,57.1
28.400000000000002,28.475,56.875
28.400000000000002,28.475,56.875
28.475,28.400000000000002,56.875
28.475,28.400000000000002,56.875
28.475,28.400000000000002,56.875
28.375000000000004,28.525000000000002,56.900000000000006
28.375000000000004,28.525000000000002,56.900000000000006
28.625,28.700000000000003,57.325
28.625,28.700000000000003,57.325
28.625,28.700000000000003,57.325
28.700000000000003,28.85,57.550000000000004
28.700000000000003,28.85,57.550000000000004
28.6,28.725,57.325
28.6,28.725,57.325
28.875,28.475,57.35
28.875,28.475,57.35
28.875,28.475,57.35
28.325000000000003,28.6,56.925000000000004
28.325000000000003,28.6,56.925000000000004
28.175,28.35,56.525000000000006
28.175,28.35,56.525000000000006
28.175,28.35,56.525000000000006
27.650000000000002,27.8,55.45
27.650000000000002,27.8,55.45
26.325,26.6,52.925
26.325,26.6,52.925
25.550000000000004,25.525000000000002,51.075
25.550000000000004,25.525000000000002,51.075
25.550000000000004,25.525000000000002,51.075
25.400000000000002,25.075000000000003,50.47500000000001
25.400000000000002,25.075000000000003,50.47500000000001
24.425,24.525000000000002,48.95
24.425,24.525000000000002,48.95
24.425,24.525000000000002,48.95
24.125000000000004,24.225,48.35000000000001
24.125000000000004,24.225,48.35000000000001
24.225,24.075000000000003,48.300000000000004
24.225,24.075000000000003,48.300000000000004
24.225,24.075000000000003,48.300000000000004
24.124999999999996,24.199999999999996,48.32499999999999
24.125,24.200000000000003,48.325
24.625000000000004,24.450000000000003,49.075
24.625000000000004,24.450000000000003,49.075
25.85,25.425,51.275000000000006
25.85,25.425,51.275000000000006
25.85,25.425,51.275000000000006
26.85,26.625,53.475
26.85,26.625,53.475
27.025000000000006,27.125000000000004,54.150000000000006
27.025000000000002,27.125,54.150000000000006
27.025000000000002,27.125,54.150000000000006
27.925,27.675,55.6
27.925,27.675,55.6
28.075,28.0,56.075
28.075,28.0,56.075
28.05,28.150000000000002,56.2
28.05,28.150000000000002,56.2
28.05,28.150000000000002,56.2
28.3,28.125,56.425
28.3,28.125,56.425
27.975,28.05,56.025000000000006
27.975,28.05,56.025000000000006
27.975,28.05,56.025000000000006
28.225,28.075000000000003,56.300000000000004
28.225,28.075000000000003,56.300000000000004
27.425000000000004,27.3,54.72500000000001
27.425000000000004,27.3,54.72500000000001
27.400000000000002,27.25,54.650000000000006
27.400000000000002,27.25,54.650000000000006
27.400000000000002,27.25,54.650000000000006
25.750000000000004,25.900000000000002,51.650000000000006
25.750000000000004,25.900000000000002,51.650000000000006
24.3,24.725,49.025000000000006
24.3,24.725,49.025000000000006
24.3,24.725,49.025000000000006
24.475,24.5,48.975
24.475,24.5,48.975
24.15,24.025000000000002,48.175
24.15,24.025000000000002,48.175
24.15,24.025000000000002,48.175
24.125000000000004,23.950000000000003,48.075
24.125000000000004,23.950000000000003,48.075
23.725,23.725,47.45
23.725,23.725,47.45
24.125000000000004,24.325000000000003,48.45
24.125000000000004,24.325000000000003,48.45
24.125000000000004,24.325000000000003,48.45
24.000000000000004,24.025000000000002,48.025000000000006
24.000000000000004,24.025000000000002,48.025000000000006
25.274999999999995,25.124999999999993,50.39999999999999
25.275000000000002,25.125,50.400000000000006
25.275000000000002,25.125,50.400000000000006
26.625000000000004,26.325000000000003,52.95
26.625000000000004,26.325000000000003,52.95
26.6,26.425,53.025000000000006
26.6,26.425,53.025000000000006
26.675,26.725,53.400000000000006
26.675,26.725,53.400000000000006
26.675,26.725,53.400000000000006
26.6,26.675,53.275000000000006
26.6,26.675,53.275000000000006
26.625,26.625,53.25
26.625,26.625,53.25
26.625,26.625,53.25
26.725,26.5,53.225
26.725,26.5,53.225
26.425,26.425,52.85
26.425,26.425,52.85
26.55,26.475,53.025000000000006
26.55,26.475,53.025000000000006
26.55,26.475,53.025000000000006
26.450000000000003,26.325000000000003,52.775000000000006
26.450000000000003,26.325000000000003,52.775000000000006
26.250000000000004,26.375,52.625
26.250000000000004,26.375,52.625
26.250000000000004,26.375,52.625
26.325,26.375,52.7
26.325,26.375,52.7
26.400000000000002,26.3,52.7
26.400000000000002,26.3,52.7
26.375000000000004,26.200000000000003,52.575
26.375000000000004,26.200000000000003,52.575
26.375000000000004,26.200000000000003,52.575
26.125,26.175,52.3
26.125,26.175,52.3
26.075,26.35,52.425
26.075,26.35,52.425
26.075,26.35,52.425
24.150000000000002,24.700000000000003,48.85000000000001
24.150000000000002,24.700000000000003,48.85000000000001
23.675000000000004,23.675,47.35000000000001
23.675000000000004,23.675,47.35000000000001
23.6,23.425,47.025000000000006
23.6,23.425,47.025000000000006
23.6,23.425,47.025000000000006
23.3,23.150000000000002,46.45
23.3,23.150000000000002,46.45
22.775000000000002,22.950000000000003,45.72500000000001
22.775000000000002,22.950000000000003,45.72500000000001
22.775000000000002,22.950000000000003,45.72500000000001
22.925,22.975,45.900000000000006
22.925,22.975,45.900000000000006
23.075,23.0,46.075
23.075,23.0,46.075
23.075,23.0,46.075
23.200000000000003,22.900000000000002,46.10000000000001
23.200000000000003,22.900000000000002,46.10000000000001
24.925,24.375,49.3
24.925,24.375,49.3
25.225,25.25,50.475
25.225,25.25,50.475
25.225,25.25,50.475
25.3,25.55,50.85
25.3,25.55,50.85
25.475,25.5,50.975
25.475,25.5,50.975
25.475,25.5,50.975
26.125000000000004,26.150000000000002,52.275000000000006
26.125000000000004,26.150000000000002,52.275000000000006
25.675,26.175,51.85
25.675,26.175,51.85
25.35,25.5,50.85
25.35,25.5,50.85
25.35,25.5,50.85
25.275000000000002,25.525000000000002,50.800000000000004
25.275000000000002,25.525000000000002,50.800000000000004
25.175,25.450000000000003,50.625
25.175,25.450000000000003,50.625
25.175,25.450000000000003,50.625
24.925,24.85,49.775000000000006
24.925,24.85,49.775000000000006
24.55,24.375,48.925
24.55,24.375,48.925
24.35,24.525000000000002,48.875
24.35,24.525000000000002,48.875
24.35,24.525000000000002,48.875
23.974999999999998,23.899999999999995,47.87499999999999
23.975,23.900000000000002,47.875
24.275,23.950000000000003,48.225
24.275,23.950000000000003,48.225
24.275,23.950000000000003,48.225
24.825,24.650000000000002,49.475
24.825,24.650000000000002,49.475
25.2,24.900000000000002,50.1
25.2,24.900000000000002,50.1
25.2,24.900000000000002,50.1
24.775000000000002,24.650000000000002,49.425000000000004
24.775000000000002,24.650000000000002,49.425000000000004
24.1,24.275000000000002,48.375
24.1,24.275000000000002,48.375
23.8,23.925,47.725
23.8,23.925,47.725
23.8,23.925,47.725
23.725,23.75,47.475
23.725,23.75,47.475
23.825000000000003,23.75,47.575
23.825000000000003,23.75,47.575
23.825000000000003,23.75,47.575
23.6,23.675,47.275000000000006
23.6,23.675,47.275000000000006
23.199999999999992,23.249999999999996,46.44999999999999
23.2,23.25,46.45
22.925,22.950000000000003,45.875
22.925,22.950000000000003,45.875
22.925,22.950000000000003,45.875
23.650000000000002,23.55,47.2
23.650000000000002,23.55,47.2
24.625,24.5,49.125
24.625,24.5,49.125
24.625,24.5,49.125
24.75,24.950000000000003,49.7
24.75,24.950000000000003,49.7
25.05,24.975,50.025000000000006
25.05,24.975,50.025000000000006
25.125000000000004,25.175,50.300000000000004
25.125000000000004,25.175,50.300000000000004
25.125000000000004,25.175,50.300000000000004
25.300000000000004,25.150000000000002,50.45
25.300000000000004,25.150000000000002,50.45
25.375,25.375,50.75
25.375,25.375,50.75
25.1,25.125,50.225
25.1,25.125,50.225
25.1,25.125,50.225
24.8,25.0,49.8
24.8,25.0,49.8
24.825,24.975,49.8
24.825,24.975,49.8
25.150000000000002,24.950000000000003,50.10000000000001
25.150000000000002,24.950000000000003,50.10000000000001
25.150000000000002,24.950000000000003,50.10000000000001
24.750000000000004,24.700000000000003,49.45
24.750000000000004,24.700000000000003,49.45
24.6,24.75,49.35
24.6,24.75,49.35
24.6,24.75,49.35
24.775000000000002,24.8,49.575
24.775000000000002,24.8,49.575
24.625,24.625,49.25
24.625,24.625,49.25
24.825,24.825000000000003,49.650000000000006
24.825,24.825000000000003,49.650000000000006
24.825,24.825000000000003,49.650000000000006
24.925,24.875,49.8
24.925,24.875,49.8
25.075000000000003,25.075000000000003,50.150000000000006
25.075000000000003,25.075000000000003,50.150000000000006
25.075000000000003,25.075000000000003,50.150000000000006
25.175000000000004,25.025000000000002,50.2
25.175000000000004,25.025000000000002,50.2
25.375,25.475,50.85
25.375,25.475,50.85
25.175,25.150000000000002,50.325
25.175,25.150000000000002,50.325
25.175,25.150000000000002,50.325
24.925,25.05,49.975
24.925,25.05,49.975
24.825000000000003,24.85,49.675000000000004
24.825000000000003,24.85,49.675000000000004
24.825000000000003,24.85,49.675000000000004
24.725,24.875,49.6
24.725,24.875,49.6
24.675000000000004,24.525000000000002,49.2
24.675000000000004,24.525000000000002,49.2
24.250000000000004,24.150000000000002,48.400000000000006
24.250000000000004,24.150000000000002,48.400000000000006
24.250000000000004,24.150000000000002,48.400000000000006
24.275000000000002,24.25,48.525000000000006
24.275000000000002,24.25,48.525000000000006
24.275000000000002,24.125,48.400000000000006
24.275000000000002,24.125,48.400000000000006
24.500000000000004,24.375,48.875
24.500000000000004,24.375,48.875
24.500000000000004,24.375,48.875
24.575000000000003,24.400000000000002,48.97500000000001
24.575000000000003,24.400000000000002,48.97500000000001
24.825000000000003,24.950000000000003,49.775000000000006
24.825000000000003,24.950000000000003,49.775000000000006
24.825000000000003,24.950000000000003,49.775000000000006
25.075,24.900000000000002,49.975
25.075,24.900000000000002,49.975
25.025000000000002,25.025000000000002,50.050000000000004
25.025000000000002,25.025000000000002,50.050000000000004
25.250000000000004,25.325000000000003,50.575
25.250000000000004,25.325000000000003,50.575
25.250000000000004,25.325000000000003,50.575
25.3,25.325000000000003,50.625
25.3,25.325000000000003,50.625
25.45,25.650000000000002,51.1
25.45,25.650000000000002,51.1
25.45,25.650000000000002,51.1
25.825,25.900000000000002,51.725
25.825,25.900000000000002,51.725
25.975,26.150000000000002,52.125
25.975,26.150000000000002,52.125
25.975,26.150000000000002,52.125
26.175000000000004,26.175,52.35000000000001
26.175000000000004,26.175,52.35000000000001
26.450000000000003,26.725,53.175000000000004
26.450000000000003,26.725,53.175000000000004
26.675,26.875,53.55
26.675,26.875,53.55
26.675,26.875,53.55
27.075000000000003,27.075000000000003,54.150000000000006
27.075000000000003,27.075000000000003,54.150000000000006
27.000000000000004,27.275000000000002,54.275000000000006
27.000000000000004,27.275000000000002,54.275000000000006
27.000000000000004,27.275000000000002,54.275000000000006
27.075,27.025000000000002,54.1
27.075,27.025000000000002,54.1
26.75,26.725,53.475
26.75,26.725,53.475
26.775000000000002,26.900000000000002,53.675000000000004
26.775000000000002,26.900000000000002,53.675000000000004
26.775000000000002,26.900000000000002,53.675000000000004
26.700000000000003,26.825000000000003,53.525000000000006
26.700000000000003,26.825000000000003,53.525000000000006
26.575000000000003,26.625,53.2
26.575000000000003,26.625,53.2
26.575000000000003,26.625,53.2
26.525000000000002,26.75,53.275000000000006
26.525000000000002,26.75,53.275000000000006
26.725,26.775000000000002,53.5
26.725,26.775000000000002,53.5
27.275000000000002,27.075000000000003,54.35000000000001
27.275000000000002,27.075000000000003,54.35000000000001
27.275000000000002,27.075000000000003,54.35000000000001
27.175,27.35,54.525000000000006
27.175,27.35,54.525000000000006
27.375000000000004,27.525000000000002,54.900000000000006
27.375000000000004,27.525000000000002,54.900000000000006
27.375000000000004,27.525000000000002,54.900000000000006
27.4,27.35,54.75
27.4,27.35,54.75
27.725,27.8,55.525000000000006
27.725,27.8,55.525000000000006
28.075,27.85,55.925
28.075,27.85,55.925
28.075,27.85,55.925
28.35,28.05,56.400000000000006
28.35,28.05,56.400000000000006
28.225,28.375,56.6
28.225,28.375,56.6
28.225,28.375,56.6
28.425,28.425,56.85
28.425,28.425,56.85
28.6,28.5,57.1
28.6,28.5,57.1
28.725,28.6,57.325
28.725,28.6,57.325
28.725,28.6,57.325
28.625,28.475,57.1
28.625,28.475,57.1
28.375,28.3,56.675
28.375,28.3,56.675
28.375,28.3,56.675
28.35,28.5,56.85
28.35,28.5,56.85
28.375,28.475,56.85
28.375,28.475,56.85
28.375,28.475,56.85
28.125,28.025000000000002,56.150000000000006
28.125,28.025000000000002,56.150000000000006
27.725,28.175,55.900000000000006
27.725,28.175,55.900000000000006
27.425,27.675,55.1
27.425,27.675,55.1
27.425,27.675,55.1
27.225,27.775000000000002,55.0
27.225,27.775000000000002,55.0
27.6,27.8,55.400000000000006
27.6,27.8,55.400000000000006
27.6,27.8,55.400000000000006
27.900000000000002,27.900000000000002,55.800000000000004
27.900000000000002,27.900000000000002,55.800000000000004
27.775,27.675,55.45
27.775,27.675,55.45
27.725,27.725,55.45
27.725,27.725,55.45
27.725,27.725,55.45
28.025000000000002,28.0,56.025000000000006
28.025000000000002,28.0,56.025000000000006
27.775000000000002,27.575000000000003,55.35000000000001
27.775000000000002,27.575000000000003,55.35000000000001
27.775000000000002,27.575000000000003,55.35000000000001
27.950000000000003,27.75,55.7
27.950000000000003,27.75,55.7
28.1,27.575000000000003,55.675000000000004
28.1,27.575000000000003,55.675000000000004
27.9,27.825000000000003,55.725
27.9,27.825000000000003,55.725
27.9,27.825000000000003,55.725
27.8,27.8,55.6
27.8,27.8,55.6
27.800000000000004,27.950000000000003,55.75000000000001
27.800000000000004,27.950000000000003,55.75000000000001
27.800000000000004,27.950000000000003,55.75000000000001
27.925,28.075000000000003,56.0
27.925,28.075000000000003,56.0
28.025000000000002,28.05,56.075
28.025000000000002,28.05,56.075
28.025000000000002,28.05,56.075
28.325000000000003,28.325000000000003,56.650000000000006
28.325000000000003,28.325000000000003,56.650000000000006
28.6,28.775000000000002,57.375
28.6,28.775000000000002,57.375
28.85,29.05,57.900000000000006
28.85,29.05,57.900000000000006
28.85,29.05,57.900000000000006
28.950000000000003,29.200000000000003,58.150000000000006
28.950000000000003,29.200000000000003,58.150000000000006
28.825000000000003,29.05,57.875
28.825000000000003,29.05,57.875
28.825000000000003,29.05,57.875
28.575,28.725,57.3
28.575,28.725,57.3
28.5,28.650000000000002,57.150000000000006
28.5,28.650000000000002,57.150000000000006
28.450000000000003,28.55,57.0
28.450000000000003,28.55,57.0
28.450000000000003,28.55,57.0
28.250000000000004,28.475,56.72500000000001
28.250000000000004,28.475,56.72500000000001
28.325,28.1,56.425
28.325,28.1,56.425
28.325,28.1,56.425
28.150000000000002,28.05,56.2
28.150000000000002,28.05,56.2
28.2,27.975,56.175
28.2,27.975,56.175
28.5,28.150000000000002,56.650000000000006
28.5,28.150000000000002,56.650000000000006
28.5,28.150000000000002,56.650000000000006
28.475,28.325000000000003,56.800000000000004
28.475,28.325000000000003,56.800000000000004
28.575000000000003,28.375,56.95
28.575000000000003,28.375,56.95
28.575000000000003,28.375,56.95
28.225,28.150000000000002,56.375
28.225,28.150000000000002,56.375
28.6,28.150000000000002,56.75
28.6,28.150000000000002,56.75
28.6,28.150000000000002,56.75
28.05,28.525000000000002,56.575
28.05,28.525000000000002,56.575
27.825000000000003,27.75,55.575
27.825000000000003,27.75,55.575
26.625,26.675,53.3
26.625,26.675,53.3
26.625,26.675,53.3
25.125000000000004,25.275000000000002,50.400000000000006
25.125000000000004,25.275000000000002,50.400000000000006
24.725,25.05,49.775000000000006
24.725,25.05,49.775000000000006
24.725,25.05,49.775000000000006
24.575,24.525000000000002,49.1
24.575,24.525000000000002,49.1
24.825,24.675,49.5
24.825,24.675,49.5
24.475,24.75,49.225
24.475,24.75,49.225
24.475,24.75,49.225
24.975,24.450000000000003,49.425000000000004
24.975,24.450000000000003,49.425000000000004
25.225,25.375,50.6
25.225,25.375,50.6
25.225,25.375,50.6
26.625,26.6,53.225
26.625,26.6,53.225
27.65,27.925,55.575
27.65,27.925,55.575
27.975,27.925,55.900000000000006
27.975,27.925,55.900000000000006
27.975,27.925,55.900000000000006
27.900000000000002,28.35,56.25
27.900000000000002,28.35,56.25
28.200000000000006,28.525000000000006,56.72500000000001
28.200000000000003,28.525000000000002,56.72500000000001
28.200000000000003,28.525000000000002,56.72500000000001
28.75,28.525000000000002,57.275000000000006
28.75,28.525000000000002,57.275000000000006
28.85,29.025000000000002,57.875
28.85,29.025000000000002,57.875
29.150000000000002,29.225,58.375
29.150000000000002,29.225,58.375
29.150000000000002,29.225,58.375
29.275000000000002,29.200000000000003,58.47500000000001
29.275000000000002,29.200000000000003,58.47500000000001
29.125,28.85,57.975
29.125,28.85,57.975
29.125,28.85,57.975
29.150000000000006,29.325000000000006,58.47500000000001
29.15,29.325000000000003,58.475
29.025000000000002,28.650000000000002,57.675000000000004
29.025000000000002,28.650000000000002,57.675000000000004
29.025000000000002,28.650000000000002,57.675000000000004
28.750000000000004,28.55,57.300000000000004
28.750000000000004,28.55,57.300000000000004
28.175,28.527382222222222,56.7
28.175,28.5366,56.7
28.1,28.14790222222222,56.25
28.1,28.15250222222222,56.25
28.1,28.157093333333332,56.25
28.3,28.149453333333334,56.45
28.3,28.152524444444445,56.45
28.275000000000002,28.372943333333335,56.650000000000006
28.275000000000002,28.37524555555556,56.650000000000006
28.275000000000002,28.377545555555557,56.650000000000006
29.1,29.17388177777778,58.275000000000006
29.1,29.175742222222226,58.275000000000006
28.925,29.04798592592593,57.97500000000001
28.925,29.049514074074075,57.97500000000001
28.700000000000003,28.92232190476191,57.625
28.700000000000003,28.92363428571429,57.625
28.700000000000003,28.924946666666667,57.625
28.775000000000002,29.172975,57.95
28.775000000000002,29.174128333333336,57.95
29.3,29.575000000000003,58.875
29.3,29.575000000000003,58.875
29.3,29.575000000000003,58.875
29.55,29.85,59.400000000000006
29.55,29.85,59.400000000000006
29.125000000000004,29.85,58.97500000000001
29.125000000000004,29.85,58.97500000000001
29.125000000000004,29.85,58.97500000000001
29.55,29.725,59.275000000000006
29.55,29.725,59.275000000000006
29.675,29.825000000000003,59.5
29.675,29.825000000000003,59.5
30.550000000000004,30.075000000000003,60.62500000000001
30.550000000000004,30.075000000000003,60.62500000000001
30.550000000000004,30.075000000000003,60.62500000000001
31.225,31.175,62.400000000000006
31.225,31.175,62.400000000000006
31.025000000000002,31.35,62.375
31.025000000000002,31.35,62.375
31.025000000000002,31.35,62.375
30.8,30.875,61.675
30.8,30.875,61.675
30.875000000000004,31.025000000000002,61.900000000000006
30.875000000000004,31.025000000000002,61.900000000000006
30.875,31.0,61.875
30.875,31.0,61.875
30.875,31.0,61.875
29.400000000000002,30.400000000000002,59.800000000000004
29.400000000000002,30.400000000000002,59.800000000000004
29.05,29.8,58.85
29.05,29.8,58.85
29.05,29.8,58.85
29.125,29.525000000000002,58.650000000000006
29.125,29.525000000000002,58.650000000000006
29.125,29.525000000000002,58.650000000000006
29.125,29.525000000000002,58.650000000000006
29.85,29.700000000000003,59.550000000000004
29.85,29.700000000000003,59.550000000000004
29.85,29.700000000000003,59.550000000000004
29.900000000000002,29.975,59.875
29.900000000000002,29.975,59.875
30.175,29.75,59.925
30.175,29.75,59.925
30.175,29.75,59.925
30.275000000000002,29.975,60.25
30.275000000000002,29.975,60.25
31.525000000000002,30.825000000000003,62.35000000000001
31.525000000000002,30.825000000000003,62.35000000000001
31.800000000000004,31.28571428571429,63.08571428571429
30.325,30.425,60.75
30.325,30.425,60.75
30.175,30.225,60.400000000000006
30.175,30.225,60.400000000000006
30.35,30.375,60.725
30.35,30.375,60.725
30.35,30.375,60.725
30.35,30.275000000000002,60.625
30.35,30.275000000000002,60.625
30.725,30.85,61.575
30.725,30.85,61.575
30.725,30.85,61.575
30.825000000000003,31.1,61.925000000000004
30.825000000000003,31.1,61.925000000000004
31.25,31.075000000000003,62.325
31.25,31.075000000000003,62.325
31.35,31.425,62.775000000000006
31.35,31.425,62.775000000000006
31.35,31.425,62.775000000000006
32.725,32.35,65.075
32.725,32.35,65.075
33.3,33.0,66.3
33.3,33.0,66.3
33.3,33.0,66.3
33.625,33.225,66.85
33.625,33.225,66.85
33.475,33.325,66.80000000000001
33.475,33.325,66.80000000000001
32.7,32.9,65.6
32.7,32.9,65.6
32.7,32.9,65.6
32.2,32.425000000000004,64.625
32.2,32.425000000000004,64.625
32.125,32.050000000000004,64.17500000000001
32.125,32.050000000000004,64.17500000000001
32.125,32.050000000000004,64.17500000000001
31.975,31.425,63.400000000000006
31.975,31.425,63.400000000000006
32.125,31.700000000000003,63.825
32.125,31.700000000000003,63.825
31.571428571428577,31.6,63.17142857142858
31.675,32.050000000000004,63.72500000000001
31.675,32.050000000000004,63.72500000000001
31.725,31.775000000000002,63.5
31.725,31.775000000000002,63.5
32.175000000000004,31.975,64.15
32.175000000000004,31.975,64.15
32.175000000000004,31.975,64.15
32.900000000000006,32.25,65.15
32.900000000000006,32.25,65.15
32.975,32.875,65.85
32.975,32.875,65.85
32.975,32.875,65.85
32.475,33.45,65.92500000000001
32.475,33.45,65.92500000000001
31.700000000000003,32.475,64.17500000000001
31.700000000000003,32.475,64.17500000000001
28.975,30.125,59.1
28.975,30.125,59.1
28.975,30.125,59.1
28.900000000000002,28.950000000000003,57.85000000000001
28.900000000000002,28.950000000000003,57.85000000000001
28.1,28.525000000000002,56.625
28.1,28.525000000000002,56.625
28.1,28.525000000000002,56.625
27.7,28.025000000000002,55.725
27.7,28.025000000000002,55.725
27.53623188405797,28.160919540229884,55.69715142428785
27.536231884057976,28.16091954022989,55.69715142428787
27.6,27.700000000000003,55.300000000000004
27.6,27.700000000000003,55.300000000000004
27.6,27.700000000000003,55.300000000000004
28.075,27.55,55.625
28.075,27.55,55.625
29.150000000000006,29.075000000000006,58.22500000000001
29.15,29.075000000000003,58.225
29.15,29.075000000000003,58.225
32.025000000000006,31.425,63.45
32.025000000000006,31.425,63.45
32.50000000000001,32.50000000000001,65.00000000000001
32.5,32.5,65.0
33.35,33.375,66.725
33.35,33.375,66.725
33.35,33.375,66.725
33.325,33.675000000000004,67.0
33.325,33.675000000000004,67.0
33.616808404202104,33.441720860430216,67.05852926463231
33.616808404202104,33.441720860430216,67.05852926463231
33.616808404202104,33.441720860430216,67.05852926463231
33.550000000000004,34.125,67.67500000000001
33.550000000000004,34.125,67.67500000000001
34.150000000000006,34.1,68.25
34.150000000000006,34.1,68.25
34.150000000000006,34.1,68.25
34.475,34.1,68.575
34.475,34.1,68.575
34.15,34.175000000000004,68.325
34.15,34.175000000000004,68.325
33.975,34.0,67.975
33.975,34.0,67.975
33.975,34.0,67.975
33.2,34.025,67.225
33.2,34.025,67.225
33.2,33.6,66.80000000000001
33.2,33.6,66.80000000000001
33.2,33.6,66.80000000000001
32.975,32.475,65.45
32.975,32.475,65.45
33.0,32.325,65.325
33.0,32.325,65.325
32.25,32.65,64.9
32.25,32.65,64.9
32.25,32.65,64.9
31.900000000000002,32.725,64.625
31.900000000000002,32.725,64.625
32.275,32.225,64.5
32.275,32.225,64.5
32.275,32.225,64.5
32.2,32.300000000000004,64.5
32.2,32.300000000000004,64.5
32.825,32.25,65.075
32.825,32.25,65.075
33.32500000000001,32.75000000000001,66.07500000000002
33.325,32.75,66.075
33.325,32.75,66.075
33.324999999999996,34.125,67.44999999999999
33.324999999999996,34.125,67.44999999999999
33.525,33.825,67.35
33.525,33.825,67.35
33.525,33.825,67.35
33.800000000000004,33.875,67.67500000000001
33.800000000000004,33.875,67.67500000000001
33.775,33.825,67.6
33.775,33.825,67.6
33.775,33.825,67.6
33.65,33.875,67.525
33.65,33.875,67.525
33.625,34.025,67.65
33.625,34.025,67.65
33.725,33.65,67.375
33.725,33.65,67.375
33.725,33.65,67.375
32.95,33.375,66.325
32.95,33.375,66.325
33.425000000000004,33.275,66.7
33.425000000000004,33.275,66.7
33.425000000000004,33.275,66.7
33.65,33.875,67.525
33.65,33.875,67.525
34.0,34.1,68.1
34.0,34.1,68.1
33.975,33.5,67.475
33.975,33.5,67.475
33.975,33.5,67.475
33.925000000000004,33.875,67.80000000000001
33.925000000000004,33.875,67.80000000000001
33.775,33.375,67.15
33.775,33.375,67.15
33.775,33.375,67.15
33.4,33.550000000000004,66.95
33.4,33.550000000000004,66.95
34.225,34.050000000000004,68.275
34.225,34.050000000000004,68.275
34.175,34.15,68.32499999999999
34.175,34.15,68.32499999999999
34.175,34.15,68.32499999999999
34.35,33.425000000000004,67.775
34.35,33.425000000000004,67.775
33.775000000000006,33.4,67.17500000000001
33.775000000000006,33.4,67.17500000000001
33.775000000000006,33.4,67.17500000000001
34.074999999999996,34.1,68.175
34.074999999999996,34.1,68.175
34.225,34.375,68.6
34.225,34.375,68.6
34.375,34.675000000000004,69.05000000000001
34.375,34.675000000000004,69.05000000000001
34.375,34.675000000000004,69.05000000000001
34.550000000000004,34.65,69.2
34.550000000000004,34.65,69.2
34.37499999999999,34.474999999999994,68.85
34.37500000000001,34.475,68.85000000000001
34.37500000000001,34.475,68.85000000000001
34.050000000000004,34.375,68.42500000000001
34.050000000000004,34.375,68.42500000000001
34.45,35.35,69.80000000000001
34.45,35.35,69.80000000000001
34.45,35.35,69.80000000000001
34.900000000000006,34.85,69.75
34.900000000000006,34.85,69.75
34.25,34.45,68.7
34.25,34.45,68.7
34.4,34.35,68.75
34.4,34.35,68.75
34.4,34.35,68.75
34.65,34.5,69.15
34.65,34.5,69.15
35.050000000000004,34.400000000000006,69.45000000000002
35.050000000000004,34.4,69.45
35.050000000000004,34.4,69.45
34.95,34.725,69.67500000000001
34.95,34.725,69.67500000000001
35.62500000000001,34.975,70.60000000000001
35.62500000000001,34.975,70.60000000000001
34.625,34.775,69.4
34.625,34.775,69.4
34.625,34.775,69.4
34.525000000000006,34.775,69.30000000000001
34.525000000000006,34.775,69.30000000000001
35.4,35.225,70.625
35.4,35.225,70.625
35.4,35.225,70.625
34.475,34.725,69.2
34.475,34.725,69.2
32.725,33.1,65.825
32.725,33.1,65.825
30.200000000000003,31.475,61.675000000000004
30.200000000000003,31.475,61.675000000000004
30.200000000000003,31.475,61.675000000000004
30.275000000000002,30.925,61.2
30.275000000000002,30.925,61.2
30.400000000000002,30.425,60.825
30.400000000000002,30.425,60.825
30.400000000000002,30.425,60.825
30.275,30.325000000000003,60.6
30.275,30.325000000000003,60.6
30.375,30.425,60.8
30.375,30.425,60.8
29.925,30.450000000000003,60.375
29.925,30.450000000000003,60.375
29.925,30.450000000000003,60.375
30.85,30.5,61.35
30.85,30.5,61.35
32.125,31.575000000000003,63.7
32.125,31.575000000000003,63.7
32.125,31.575000000000003,63.7
34.775,33.4,68.175
34.775,33.4,68.175
32.625,32.95,65.575
32.625,32.95,65.575
32.625,32.95,65.575
31.425,30.825000000000003,62.25
31.425,30.825000000000003,62.25
31.475,30.8,62.275000000000006
31.475,30.8,62.275000000000006
31.525000000000002,31.175,62.7
31.525000000000002,31.175,62.7
31.525000000000002,31.175,62.7
31.725,31.075000000000003,62.800000000000004
31.725,31.075000000000003,62.800000000000004
31.525,31.725,63.25
31.525,31.725,63.25
31.525,31.725,63.25
31.825000000000003,32.175000000000004,64.0
31.825000000000003,32.175000000000004,64.0
31.700000000000003,32.375,64.075
31.700000000000003,32.375,64.075
33.550000000000004,32.875,66.42500000000001
33.550000000000004,32.875,66.42500000000001
33.550000000000004,32.875,66.42500000000001
34.225,35.300000000000004,69.525
34.225,35.300000000000004,69.525
34.9,35.2,70.1
34.9,35.2,70.1
34.9,35.2,70.1
35.025,35.300000000000004,70.325
35.025,35.300000000000004,70.325
35.175,35.45,70.625
35.175,35.45,70.625
35.375,35.4,70.775
35.375,35.4,70.775
35.375,35.4,70.775
35.875,35.45,71.325
35.875,35.45,71.325
35.675,35.325,71.0
35.675,35.325,71.0
35.675,35.325,71.0
35.400000000000006,35.325,70.72500000000001
35.400000000000006,35.325,70.72500000000001
35.300000000000004,34.675000000000004,69.97500000000001
35.300000000000004,34.675000000000004,69.97500000000001
34.75,34.775,69.525
34.75,34.775,69.525
34.75,34.775,69.525
34.75,34.825,69.575
34.75,34.825,69.575
34.800000000000004,34.575,69.375
34.800000000000004,34.575,69.375
34.800000000000004,34.575,69.375
35.050000000000004,34.85,69.9
35.050000000000004,34.85,69.9
34.85,34.925000000000004,69.775
34.85,34.925000000000004,69.775
34.91428571428571,34.94285714285714,69.85714285714286
34.35,34.35,68.7
34.35,34.35,68.7
34.175000000000004,34.800000000000004,68.97500000000001
34.175000000000004,34.800000000000004,68.97500000000001
34.35,35.375,69.725
34.35,35.375,69.725
34.35,35.375,69.725
35.1,35.050000000000004,70.15
35.1,35.050000000000004,70.15
34.975,34.25,69.225
34.975,34.25,69.225
34.975,34.25,69.225
34.3,34.275,68.57499999999999
34.3,34.275,68.57499999999999
34.175,33.7,67.875
34.175,33.7,67.875
33.85,33.975,67.825
33.85,33.975,67.825
33.85,33.975,67.825
34.699999999999996,34.825,69.525
34.699999999999996,34.825,69.525
35.8,35.325,71.125
35.8,35.325,71.125
35.8,35.325,71.125
36.150000000000006,35.025,71.17500000000001
36.150000000000006,35.025,71.17500000000001
35.05,35.45,70.5
35.05,35.45,70.5
33.225,34.550000000000004,67.775
33.225,34.550000000000004,67.775
33.225,34.550000000000004,67.775
33.8,34.2,68.0
33.8,34.2,68.0
33.425,34.075,67.5
33.425,34.075,67.5
33.425,34.075,67.5
33.25000000000001,33.5,66.75
33.25000000000001,33.5,66.75
32.85,32.7,65.55000000000001
32.85,32.7,65.55000000000001
32.85,32.7,65.55000000000001
32.2,32.025,64.225
32.2,32.025,64.225
32.050000000000004,32.525,64.575
32.050000000000004,32.525,64.575
32.650000000000006,32.22500000000001,64.87500000000001
32.65,32.225,64.875
32.65,32.225,64.875
33.85,33.1,66.95
33.85,33.1,66.95
33.925000000000004,33.625,67.55000000000001
33.925000000000004,33.625,67.55000000000001
33.925000000000004,33.625,67.55000000000001
34.1,33.725,67.825
34.1,33.725,67.825
34.475,34.525,69.0
34.475,34.525,69.0
34.45,34.725,69.17500000000001
34.45,34.725,69.17500000000001
34.45,34.725,69.17500000000001
34.7,34.5,69.2
34.7,34.5,69.2
34.325,34.5,68.825
34.325,34.5,68.825
34.325,34.5,68.825
34.725,34.85,69.575
34.725,34.85,69.575
35.275,35.625,70.9
35.275,35.625,70.9
35.25000000000001,35.475,70.72500000000001
35.25000000000001,35.475,70.72500000000001
35.25000000000001,35.475,70.72500000000001
35.625,35.875,71.5
35.625,35.875,71.5
35.95,35.65,71.6
35.95,35.65,71.6
35.95,35.65,71.6
36.175000000000004,36.025,72.2
36.175000000000004,36.025,72.2
35.775000000000006,35.85,71.625
35.775000000000006,35.85,71.625
35.775000000000006,35.85,71.625
34.925000000000004,35.425000000000004,70.35000000000001
34.925000000000004,35.425000000000004,70.35000000000001
34.7,35.075,69.775
34.7,35.075,69.775
34.8,34.125,68.925
34.8,34.125,68.925
34.8,34.125,68.925
34.699999999999996,33.875,68.57499999999999
34.699999999999996,33.875,68.57499999999999
34.325,33.7,68.025
34.325,33.7,68.025
34.325,33.7,68.025
33.875,33.725,67.6
33.875,33.725,67.6
33.775,33.65,67.425
33.775,33.65,67.425
33.625,34.1,67.725
33.625,34.1,67.725
33.625,34.1,67.725
34.25,33.725,67.975
34.25,33.725,67.975
33.975,33.525,67.5
33.975,33.525,67.5
33.975,33.525,67.5
33.55,33.9,67.44999999999999
33.55,33.9,67.44999999999999
33.074999999999996,33.6,66.675
33.074999999999996,33.6,66.675
32.800000000000004,32.925000000000004,65.72500000000001
32.800000000000004,32.925000000000004,65.72500000000001
32.800000000000004,32.925000000000004,65.72500000000001
32.375,32.675000000000004,65.05000000000001
32.375,32.675000000000004,65.05000000000001
32.45,32.325,64.775
32.45,32.325,64.775
32.45,32.325,64.775
33.075,32.550000000000004,65.625
33.075,32.550000000000004,65.625
32.775,32.95,65.725
32.775,32.95,65.725
32.975,33.175000000000004,66.15
32.975,33.175000000000004,66.15
32.975,33.175000000000004,66.15
33.125,32.975,66.1
33.125,32.975,66.1
32.900000000000006,32.975,65.875
32.900000000000006,32.975,65.875
32.900000000000006,32.975,65.875
33.17499999999999,33.67499999999999,66.84999999999998
33.175,33.675000000000004,66.85
33.75,33.550000000000004,67.30000000000001
33.75,33.550000000000004,67.30000000000001
33.35,33.375,66.725
33.35,33.375,66.725
33.35,33.375,66.725
32.9,33.050000000000004,65.95
32.9,33.050000000000004,65.95
32.95,33.050000000000004,66.0
32.95,33.050000000000004,66.0
33.050000000000004,32.875,65.92500000000001
33.050000000000004,32.875,65.92500000000001
33.050000000000004,32.875,65.92500000000001
33.1,33.275,66.375
33.1,33.275,66.375
33.875,33.85,67.725
33.875,33.85,67.725
33.875,33.85,67.725
33.65479555555556,33.6,67.25479555555556
33.663964444444446,33.6,67.26396444444444
33.32406444444444,33.65,66.97406444444444
33.328671111111106,33.65,66.97867111111111
33.333299999999994,33.65,66.98329999999999
33.500257777777776,33.7,67.20025777777778
33.50333777777778,33.7,67.20333777777779
33.67355111111111,33.7,67.37355111111111
33.675846666666665,33.7,67.37584666666666
34.22251288888889,33.800000000000004,68.0225128888889
34.224348444444445,33.800000000000004,68.02434844444446
34.22619022222222,33.800000000000004,68.02619022222223
34.39835481481482,34.15,68.54835481481481
34.39988296296297,34.15,68.54988296296297
34.52264,34.275,68.79764
34.52395428571428,34.275,68.79895428571427
34.52526857142857,34.275,68.80026857142857
33.99825888888889,34.575,68.57325888888889
33.999410000000005,34.575,68.57441
34.55,34.775,69.32499999999999
34.55,34.775,69.32499999999999
35.0,34.975,69.975
35.0,34.975,69.975
35.0,34.975,69.975
35.35,35.300000000000004,70.65
35.35,35.300000000000004,70.65
35.425,35.300000000000004,70.725
35.425,35.300000000000004,70.725
35.425,35.300000000000004,70.725
34.25,34.575,68.825
34.25,34.575,68.825
33.7,33.800000000000004,67.5
33.7,33.800000000000004,67.5
33.35,33.65,67.0
33.35,33.65,67.0
33.35,33.65,67.0
33.475,33.125,66.6
33.475,33.125,66.6
33.00000000000001,32.825,65.82500000000002
33.00000000000001,32.825,65.82500000000002
33.00000000000001,32.825,65.82500000000002
32.65,32.75,65.4
32.65,32.75,65.4
32.1,32.075,64.17500000000001
32.1,32.075,64.17500000000001
32.1,32.075,64.17500000000001
32.0,32.35,64.35
32.0,32.35,64.35
33.45,33.225,66.67500000000001
33.45,33.225,66.67500000000001
33.375,33.95,67.325
33.375,33.95,67.325
33.375,33.95,67.325
33.875,33.85,67.725
33.875,33.85,67.725
34.225,34.225,68.45
34.225,34.225,68.45
34.225,34.225,68.45
34.725,34.45,69.17500000000001
34.725,34.45,69.17500000000001
34.85,34.75,69.6
34.85,34.75,69.6
32.45,33.7,66.15
32.45,33.7,66.15
32.45,33.7,66.15
32.475,33.050000000000004,65.525
32.475,33.050000000000004,65.525
29.875000000000004,30.8,60.675000000000004
29.875000000000004,30.8,60.675000000000004
29.875000000000004,30.8,60.675000000000004
30.475,30.8,61.275000000000006
30.475,30.8,61.275000000000006
30.825,30.575000000000003,61.400000000000006
30.825,30.575000000000003,61.400000000000006
30.750000000000004,30.5,61.25
30.750000000000004,30.5,61.25
30.750000000000004,30.5,61.25
30.200000000000003,30.575000000000003,60.775000000000006
30.200000000000003,30.575000000000003,60.775000000000006
29.875,29.775000000000002,59.650000000000006
29.875,29.775000000000002,59.650000000000006
29.875,29.775000000000002,59.650000000000006
32.525,31.325000000000003,63.85
32.525,31.325000000000003,63.85
32.225,31.675,63.900000000000006
32.225,31.675,63.900000000000006
33.725,33.15,66.875
33.725,33.15,66.875
33.725,33.15,66.875
33.725,33.125,66.85
33.725,33.125,66.85
33.150000000000006,33.475,66.625
33.150000000000006,33.475,66.625
33.150000000000006,33.475,66.625
32.725,33.125,65.85
32.725,33.125,65.85
33.300000000000004,33.275,66.575
33.300000000000004,33.275,66.575
33.300000000000004,33.275,66.575
34.075,34.050000000000004,68.125
34.075,34.050000000000004,68.125
34.025000000000006,34.275,68.30000000000001
34.025000000000006,34.275,68.30000000000001
34.050000000000004,34.125,68.17500000000001
34.050000000000004,34.125,68.17500000000001
34.050000000000004,34.125,68.17500000000001
34.85,34.575,69.42500000000001
34.85,34.575,69.42500000000001
34.725,34.575,69.30000000000001
34.725,34.575,69.30000000000001
34.725,34.575,69.30000000000001
34.625,34.775,69.4
34.625,34.775,69.4
35.2,34.975,70.17500000000001
35.2,34.975,70.17500000000001
35.0,34.675000000000004,69.67500000000001
35.0,34.675000000000004,69.67500000000001
35.0,34.675000000000004,69.67500000000001
34.7,34.550000000000004,69.25
34.7,34.550000000000004,69.25
34.975,34.575,69.55000000000001
34.975,34.575,69.55000000000001
34.975,34.575,69.55000000000001
34.85,34.575,69.42500000000001
34.85,34.575,69.42500000000001
34.949999999999996,34.79999999999999,69.74999999999999
34.95,34.800000000000004,69.75
34.575,34.75,69.325
34.575,34.75,69.325
34.575,34.75,69.325
34.5,34.375,68.875
34.5,34.375,68.875
34.35,34.275,68.625
34.35,34.275,68.625
34.35,34.275,68.625
33.925,33.875,67.8
33.925,33.875,67.8
33.675,33.45,67.125
33.675,33.45,67.125
33.371428571428574,33.371428571428574,66.74285714285715
33.225,33.775,67.0
33.225,33.775,67.0
33.87500000000001,33.95,67.82500000000002
33.87500000000001,33.95,67.82500000000002
33.675,33.925000000000004,67.6
33.675,33.925000000000004,67.6
33.675,33.925000000000004,67.6
34.00000000000001,34.0,68.0
34.00000000000001,34.0,68.0
33.725,33.7,67.42500000000001
33.725,33.7,67.42500000000001
33.725,33.7,67.42500000000001
33.650000000000006,33.875,67.525
33.650000000000006,33.875,67.525
34.2,34.275,68.475
34.2,34.275,68.475
34.075,34.300000000000004,68.375
34.075,34.300000000000004,68.375
34.075,34.300000000000004,68.375
34.075,34.15,68.225
34.075,34.15,68.225
34.150000000000006,34.225,68.375
34.150000000000006,34.225,68.375
34.150000000000006,34.225,68.375
34.2,34.0,68.2
34.2,34.0,68.2
34.0,33.925000000000004,67.92500000000001
34.0,33.925000000000004,67.92500000000001
34.225,34.275,68.5
34.225,34.275,68.5
34.225,34.275,68.5
34.300000000000004,33.800000000000004,68.10000000000001
34.300000000000004,33.800000000000004,68.10000000000001
34.175,33.975,68.15
34.175,33.975,68.15
34.175,33.975,68.15
34.62500000000001,34.175000000000004,68.80000000000001
34.62500000000001,34.175000000000004,68.80000000000001
35.00000000000001,34.25,69.25
35.00000000000001,34.25,69.25
35.00000000000001,34.25,69.25
34.825,34.5,69.325
34.825,34.5,69.325
34.675,34.725,69.4
34.675,34.725,69.4
34.85,34.800000000000004,69.65
34.85,34.800000000000004,69.65
34.85,34.800000000000004,69.65
34.875,35.0,69.875
34.875,35.0,69.875
34.975,35.425000000000004,70.4
34.975,35.425000000000004,70.4
34.975,35.425000000000004,70.4
35.0,35.2,70.2
35.0,35.2,70.2
34.775000000000006,35.375,70.15
34.775000000000006,35.375,70.15
34.6,35.025,69.625
34.6,35.025,69.625
34.6,35.025,69.625
34.3,34.7,69.0
34.3,34.7,69.0
34.550000000000004,34.65,69.2
34.550000000000004,34.65,69.2
34.550000000000004,34.65,69.2
34.525,34.675000000000004,69.2
34.525,34.675000000000004,69.2
35.050000000000004,34.625,69.67500000000001
35.050000000000004,34.625,69.67500000000001
34.65,34.575,69.225
34.65,34.575,69.225
34.65,34.575,69.225
34.425,33.9,68.32499999999999
34.425,33.9,68.32499999999999
34.349999999999994,33.724999999999994,68.07499999999999
34.35,33.725,68.075
34.35,33.725,68.075
33.7,33.800000000000004,67.5
33.7,33.800000000000004,67.5
33.8,33.325,67.125
33.8,33.325,67.125
33.8,33.325,67.125
33.675000000000004,33.375,67.05000000000001
33.675000000000004,33.375,67.05000000000001
33.675000000000004,33.075,66.75
33.675000000000004,33.075,66.75
33.25000000000001,33.050000000000004,66.30000000000001
33.25000000000001,33.050000000000004,66.30000000000001
33.25000000000001,33.050000000000004,66.30000000000001
33.1,33.125,66.225
33.1,33.125,66.225
33.075,33.800000000000004,66.875
33.075,33.800000000000004,66.875
33.075,33.800000000000004,66.875
33.475,33.85,67.325
33.475,33.85,67.325
34.075,33.875,67.95
34.075,33.875,67.95
33.975,34.050000000000004,68.025
33.975,34.050000000000004,68.025
33.975,34.050000000000004,68.025
34.2,34.050000000000004,68.25
34.2,34.050000000000004,68.25
34.05,34.275,68.32499999999999
34.05,34.275,68.32499999999999
34.05,34.275,68.32499999999999
34.125,33.725,67.85
34.125,33.725,67.85
33.925000000000004,33.825,67.75
33.925000000000004,33.825,67.75
34.025000000000006,33.775,67.80000000000001
34.025000000000006,33.775,67.80000000000001
34.025000000000006,33.775,67.80000000000001
32.650000000000006,33.5,66.15
32.650000000000006,33.5,66.15
31.950000000000003,32.075,64.025
31.950000000000003,32.075,64.025
31.950000000000003,32.075,64.025
31.75,31.6,63.35
31.75,31.6,63.35
29.10000000000001,29.750000000000007,58.850000000000016
29.1,29.75,58.85
29.35,29.175,58.525000000000006
29.35,29.175,58.525000000000006
29.35,29.175,58.525000000000006
29.075000000000003,29.275000000000002,58.35000000000001
29.075000000000003,29.275000000000002,58.35000000000001
29.3,28.950000000000003,58.25
29.3,28.950000000000003,58.25
29.3,28.950000000000003,58.25
28.95,28.6,57.55
28.95,28.6,57.55
29.675000000000004,28.8,58.47500000000001
29.675000000000004,28.8,58.47500000000001
29.675000000000004,28.8,58.47500000000001
30.5,30.175,60.675
30.5,30.175,60.675
30.800000000000004,30.700000000000003,61.50000000000001
30.800000000000004,30.700000000000003,61.50000000000001
31.950000000000003,30.875,62.825
31.950000000000003,30.875,62.825
31.950000000000003,30.875,62.825
31.050000000000004,31.275000000000002,62.325
31.050000000000004,31.275000000000002,62.325
29.55,29.25,58.8
29.55,29.25,58.8
29.55,29.25,58.8
29.45,29.25,58.7
29.45,29.25,58.7
29.750000000000004,29.725,59.47500000000001
29.750000000000004,29.725,59.47500000000001
29.925000000000004,29.775000000000002,59.7
29.925000000000004,29.775000000000002,59.7
29.925000000000004,29.775000000000002,59.7
29.650000000000002,29.3,58.95
29.650000000000002,29.3,58.95
29.375000000000004,29.375,58.75
29.375000000000004,29.375,58.75
29.375000000000004,29.375,58.75
29.05,29.075000000000003,58.125
29.05,29.075000000000003,58.125
28.6,28.1,56.7
28.6,28.1,56.7
29.88571428571429,30.000000000000004,59.88571428571429
30.250000000000004,30.6,60.85000000000001
30.250000000000004,30.6,60.85000000000001
30.3,30.650000000000002,60.95
30.3,30.650000000000002,60.95
30.225,30.425,60.650000000000006
30.225,30.425,60.650000000000006
30.225,30.425,60.650000000000006
29.650000000000002,29.475,59.125
29.650000000000002,29.475,59.125
29.200000000000006,29.375000000000007,58.57500000000002
29.200000000000003,29.375,58.575
29.200000000000003,29.375,58.575
29.275000000000002,29.1,58.375
29.275000000000002,29.1,58.375
30.05,30.450000000000003,60.5
30.05,30.450000000000003,60.5
30.700000000000003,31.150000000000002,61.85000000000001
30.700000000000003,31.150000000000002,61.85000000000001
30.700000000000003,31.150000000000002,61.85000000000001
30.624999999999993,30.599999999999994,61.22499999999999
30.625,30.6,61.225
30.475,30.3,60.775000000000006
30.475,30.3,60.775000000000006
30.475,30.3,60.775000000000006
29.675,30.150000000000002,59.825
29.675,30.150000000000002,59.825
30.15,30.375,60.525
30.15,30.375,60.525
30.650000000000002,30.6,61.25
30.650000000000002,30.6,61.25
30.650000000000002,30.6,61.25
30.750000000000004,30.950000000000003,61.7
30.750000000000004,30.950000000000003,61.7
31.1,30.900000000000002,62.0
31.1,30.900000000000002,62.0
31.1,30.900000000000002,62.0
31.5,31.225,62.725
31.5,31.225,62.725
31.55,31.525000000000002,63.075
31.55,31.525000000000002,63.075
31.6,31.875,63.475
31.6,31.875,63.475
31.6,31.875,63.475
32.375,32.025,64.4
32.375,32.025,64.4
32.400000000000006,32.35,64.75
32.400000000000006,32.35,64.75
32.400000000000006,32.35,64.75
31.4,32.225,63.625
31.4,32.225,63.625
30.2,30.450000000000003,60.650000000000006
30.2,30.450000000000003,60.650000000000006
29.849999999999994,30.124999999999993,59.97499999999999
29.85,30.125,59.975
29.85,30.125,59.975
28.3,29.025000000000002,57.325
28.3,29.025000000000002,57.325
27.75,28.075000000000003,55.825
27.75,28.075000000000003,55.825
27.75,28.075000000000003,55.825
26.400000000000002,25.775000000000002,52.175000000000004
26.400000000000002,25.775000000000002,52.175000000000004
22.225,21.675,43.900000000000006
22.225,21.675,43.900000000000006
18.1,17.675,35.775000000000006
