/ && GET,/cart && GET,/cart/checkout && POST,/product/[0-9][[:alnum:]]*$ && GET,/product/[a-zA-Z][[:alnum:]]*$ && GET,avg
0,0,0,0,0,0
0,0,0,0,0,0
0,0,0,0,0,0
0,0,0,0,0,0
0,0,0,0,0,0
0,0,0,0,0,0
0,0,0,0,0,0
0,0,0,0,0,0
0,0,0,0,0,0
0,0,0,0,0,0
0,0,0,0,0,0
0,0,0,0,0,0
0,0,0,0,0,0
0,0,0,0,0,0
0,0,0,0,0,0
0,0,0,0,0,0
0,0,0,0,0,0
0,0,0,0,0,0
0,0,0,0,0,0
0,0,0,0,0,0
0,0,0,0,0,0
0,0,0,0,0,0
0,0,0,0,0,0
0,0,0,0,0,0
0,0,0,0,0,0
0,0,0,0,0,0
0,0,0,0,0,0
0,0,0,0,0,0
0,0,0,0,0,0
0,0,0,0,0,0
0,0,0,0,0,0
0,0,0,0,0,0
0,0,0,0,0,0
0,0,0,0,0,0
0,0,0,0,0,0
0,0,0,0,0,0
0,0,0,0,0,0
0,0,0,0,0,0
0,0,0,0,0,0
0,0,0,0,0,0
0,0,0,0,0,0
0,0,0,0,0,0
0,0,0,0,0,0
0,0,0,0,0,0
0,0,0,0,0,0
0,0,0,0,0,0
0,0,0,0,0,0
0,0,0,0,0,0
0,0,0,0,0,0
0,0,0,0,0,0
0,0,0,0,0,0
0,0,0,0,0,0
0,0,0,0,0,0
0,0,0,0,0,0
0,0,0,0,0,0
0,0,0,0,0,0
0,0,0,0,0,0
0,0,0,0,0,0
0,0,0,0,0,0
0,0,0,0,0,0
0,0,0,0,0,0
0,0,0,0,0,0
0,0,0,0,0,0
0,0,0,0,0,0
0,0,0,0,0,0
0,0,0,0,0,0
0,0,0,0,0,0
0,0,0,0,0,0
0,0,0,0,0,0
0,0,0,0,0,0
0,0,0,0,0,0
0,0,0,0,0,0
0,0,0,0,0,0
0,0,0,0,0,0
0,0,0,0,0,0
0,0,0,0,0,0
0,0.45552000000000004,0,0.24528,0.17520000000000002,0.876
0,0.6361333333333333,0,0.34253333333333336,0.24466666666666667,1.2233333333333334
0,0.8168333333333334,0,0.43983333333333335,0.3141666666666667,1.5708333333333335
0,6.565260000000001,0,3.033073333333334,5.183100000000001,14.781433333333336
0,7.76226,0,3.5860733333333332,6.1281,17.476433333333333
0,5.9679,0,2.7571,4.7115,13.4365
0,6.763240000000001,0,3.124537777777778,5.3394,15.22717777777778
0,7.561240000000001,0,3.493204444444445,5.9694,17.023844444444446
0,6.264869999999999,0,2.8942966666666665,4.94595,14.105116666666666
0,6.86223,0,3.17027,5.41755,15.45005
0,5.9692680000000005,0,2.7577320000000003,4.71258,13.439580000000001
0,6.446472,0,2.9781946666666665,5.08932,14.513986666666666
0,10.749246666666664,0,4.799393333333334,8.926737333333332,24.47537733333333
0,11.59674,0,5.174513333333334,9.646412000000002,26.417665333333332
0,12.200000000000001,0,5.4,10.36,27.96
0,5.88,0,2.52,5.16,13.56
0,5.88,0,2.52,5.16,13.56
0,5.88,0,2.52,5.16,13.56
0,5.88,0,2.52,5.16,13.56
0,7.3500000000000005,0,3.1500000000000004,6.45,16.95
0,5.88,0,2.52,5.16,13.56
0,5.88,0,2.52,5.16,13.56
0,5.88,0,2.52,5.16,13.56
0,5.88,0,2.52,5.16,13.56
0,0.0,0,0.0,0.0,0.0
0,0.0,0,0.0,0.0,0.0
0,0.0,0,0.0,0.0,0.0
0,0.0,0,0.0,0.0,0.0
0,0.0,0,0.0,0.0,0.0
0,6.16,0,2.96,6.16,15.280000000000001
0,6.16,0,2.96,6.16,15.280000000000001
0,6.16,0,2.96,6.16,15.280000000000001
0,6.16,0,2.96,6.16,15.280000000000001
0,6.16,0,2.96,6.16,15.280000000000001
0,6.16,0,2.96,6.16,15.280000000000001
0,6.16,0,2.96,6.16,15.280000000000001
0,6.16,0,2.96,6.16,15.280000000000001
0,6.16,0,2.96,6.16,15.280000000000001
0,6.16,0,2.96,6.16,15.280000000000001
0,6.16,0,2.96,6.16,15.280000000000001
0,6.16,0,2.96,6.16,15.280000000000001
0,0.0,0,0.0,0.0,0.0
0,0.0,0,0.0,0.0,0.0
0,0.0,0,0.0,0.0,0.0
0,0.0,0,0.0,0.0,0.0
0,0.0,0,0.0,0.0,0.0
0,0.0,0,0.0,0.0,0.0
0,0.0,0,0.0,0.0,0.0
0,0.0,0,0.0,0.0,0.0
0,0.0,0,0.0,0.0,0.0
0,0.0,0,0.0,0.0,0.0
0,0.0,0,0.0,0.0,0.0
0,0.0,0,0.0,0.0,0.0
0,0.0,0,0.0,0.0,0.0
0,0.0,0,0.0,0.0,0.0
0,0.0,0,0.0,0.0,0.0
0,0.0,0,0.0,0.0,0.0
0,0.0,0,0.0,0.0,0.0
0,0.0,0,0.0,0.0,0.0
0,0.0,0,0.0,0.0,0.0
0,0.0,0,0.0,0.0,0.0
0,0.0,0,0.0,0.0,0.0
0,0.88,2.073593333333333,0.0,0.0,3.3200000000000003
0,0.88,2.925153333333333,0.0,0.0,3.3200000000000003
0,0.88,3.776713333333333,0.0,0.0,3.3200000000000003
0,3.2,9.971206666666667,0.0,0.0,13.72
0,3.2,11.83237,0.0,0.0,13.72
0,5.92,18.321033333333336,0.0,0.0,27.080000000000002
0,5.92,20.779120000000002,0.0,0.0,27.080000000000002
0,5.92,23.24426,0.0,0.0,27.080000000000002
0,13.88,28.842496666666666,0.0,0.0,45.52
0,13.88,31.592539999999996,0.0,0.0,45.52
0,21.16,36.62720266666667,0.0,0.0,63.32
0,21.16,39.562944,0.0,0.0,63.32
0,27.840000000000007,43.39728533333334,0.0,0.0,76.96000000000001
0,27.84,46.82422400000001,0.0,0.0,76.96000000000001
0,27.84,49.120000000000005,0.0,0.0,76.96000000000001
0,32.64,50.96,0.0,0.0,83.60000000000001
0,32.64,50.96,0.0,0.0,83.60000000000001
0,37.4,50.480000000000004,0.0,0.0,87.88
0,37.4,50.480000000000004,0.0,0.0,87.88
0,37.4,50.480000000000004,0.0,0.0,87.88
0,37.0,50.2,0.0,0.0,87.2
0,37.0,50.2,0.0,0.0,87.2
0,37.36,50.28,0.0,0.0,87.64
0,37.36,50.28,0.0,0.0,87.64
0,37.72,51.120000000000005,0.0,0.0,88.84
0,37.72,51.120000000000005,0.0,0.0,88.84
0,37.72,51.120000000000005,0.0,0.0,88.84
0,38.84,51.92,0.0,0.0,90.76
0,38.84,51.92,0.0,0.0,90.76
0,39.72,52.2,0.0,0.0,91.92
0,39.72,52.2,0.0,0.0,91.92
0,40.24,52.160000000000004,0.0,0.0,92.4
0,40.24,52.160000000000004,0.0,0.0,92.4
0,40.24,52.160000000000004,0.0,0.0,92.4
0,40.44,51.4,0.0,0.0,91.84
0,40.44,51.4,0.0,0.0,91.84
0,40.24,51.64,0.0,0.0,91.88
0,40.24,51.64,0.0,0.0,91.88
0,40.24,51.64,0.0,0.0,91.88
0,39.4,50.88,0.0,0.0,90.28
0,39.4,50.88,0.0,0.0,90.28
0,38.68,50.92,0.0,0.0,89.60000000000001
0,38.68,50.92,0.0,0.0,89.60000000000001
0,37.160000000000004,50.24,0.0,0.0,87.4
0,37.160000000000004,50.24,0.0,0.0,87.4
0,37.160000000000004,50.24,0.0,0.0,87.4
0,37.12,50.64,0.0,0.0,87.76
0,37.12,50.64,0.0,0.0,87.76
0,36.64,50.24,0.0,0.0,86.88
0,36.64,50.24,0.0,0.0,86.88
0,36.64,50.24,0.0,0.0,86.88
0,36.64,50.4,0.0,0.0,87.04
0,36.64,50.4,0.0,0.0,87.04
0,36.0,49.84,0.0,0.0,85.84
0,36.0,49.84,0.0,0.0,85.84
0,37.36,50.36,0.0,0.0,87.72
0,37.36,50.36,0.0,0.0,87.72
0,37.36,50.36,0.0,0.0,87.72
0,36.64,49.4,0.0,0.0,86.04
0,36.64,49.4,0.0,0.0,86.04
0,36.88,49.160000000000004,0.0,0.0,86.04
0,36.88,49.160000000000004,0.0,0.0,86.04
0,36.6,49.04,0.0,0.0,85.64
0,36.6,49.04,0.0,0.0,85.64
0,36.6,49.04,0.0,0.0,85.64
0,36.96,48.84,0.0,0.0,85.8
0,36.96,48.84,0.0,0.0,85.8
0,36.04,48.52,0.0,0.0,84.56
0,36.04,48.52,0.0,0.0,84.56
0,36.04,48.52,0.0,0.0,84.56
0,36.28,49.32,0.0,0.0,85.60000000000001
0,36.28,49.32,0.0,0.0,85.60000000000001
0,34.92,48.92,0.0,0.0,83.84
0,34.92,48.92,0.0,0.0,83.84
0,34.88,49.04,0.0,0.0,83.92
0,34.88,49.04,0.0,0.0,83.92
0,34.88,49.04,0.0,0.0,83.92
0,34.56,49.160000000000004,0.0,0.0,83.72
0,34.56,49.160000000000004,0.0,0.0,83.72
0,34.68,49.4,0.0,0.0,84.08
0,34.68,49.4,0.0,0.0,84.08
0,34.68,49.4,0.0,0.0,84.08
0,34.08,48.56,0.0,0.0,82.64
0,34.08,48.56,0.0,0.0,82.64
0,35.36,48.88,0.0,0.0,84.24
0,35.36,48.88,0.0,0.0,84.24
0,35.24,48.08,0.0,0.0,83.32000000000001
0,35.24,48.08,0.0,0.0,83.32000000000001
0,35.24,48.08,0.0,0.0,83.32000000000001
0,35.28,48.2,0.0,0.0,83.48
0,35.28,48.2,0.0,0.0,83.48
0,34.44,48.04,0.0,0.0,82.48
0,34.44,48.04,0.0,0.0,82.48
0,35.2,48.04,0.0,0.0,83.24
0,35.2,48.04,0.0,0.0,83.24
0,35.2,48.04,0.0,0.0,83.24
0,34.68,47.28,0.0,0.0,81.96000000000001
0,34.68,47.28,0.0,0.0,81.96000000000001
0,34.88,47.28,0.0,0.0,82.16
0,34.88,47.28,0.0,0.0,82.16
0,34.88,47.28,0.0,0.0,82.16
0,34.76,46.480000000000004,0.0,0.0,81.24
0,34.76,46.480000000000004,0.0,0.0,81.24
0,35.2,45.88,0.0,0.0,81.08
0,35.2,45.88,0.0,0.0,81.08
0,33.76,45.56,0.0,0.0,79.32000000000001
0,33.76,45.56,0.0,0.0,79.32000000000001
0,33.76,45.56,0.0,0.0,79.32000000000001
0,33.52,45.6,0.0,0.0,79.12
0,33.52,45.6,0.0,0.0,79.12
0,32.6,45.160000000000004,0.0,0.0,77.76
0,32.6,45.160000000000004,0.0,0.0,77.76
0,32.6,45.160000000000004,0.0,0.0,77.76
0,32.4,45.04,0.0,0.0,77.44
0,32.4,45.04,0.0,0.0,77.44
0,32.160000000000004,44.84,0.0,0.0,77.0
0,32.160000000000004,44.84,0.0,0.0,77.0
0,33.12,44.88,0.0,0.0,78.0
0,33.12,44.88,0.0,0.0,78.0
0,33.12,44.88,0.0,0.0,78.0
0,33.12,44.36,0.0,0.0,77.48
0,33.12,44.36,0.0,0.0,77.48
0,33.28,44.2,0.0,0.0,77.48
0,33.28,44.2,0.0,0.0,77.48
0,33.08,44.0,0.0,0.0,77.08
0,33.08,44.0,0.0,0.0,77.08
0,33.08,44.0,0.0,0.0,77.08
0,33.12,43.64,0.0,0.0,76.76
0,33.12,43.64,0.0,0.0,76.76
0,32.36,43.32,0.0,0.0,75.68
0,32.36,43.32,0.0,0.0,75.68
0,32.36,43.32,0.0,0.0,75.68
0,32.28,43.24,0.0,0.0,75.52
0,32.28,43.24,0.0,0.0,75.52
0,32.6,42.96,0.0,0.0,75.56
0,32.6,42.96,0.0,0.0,75.56
0,32.44,43.0,0.0,0.0,75.44
0,32.44,43.0,0.0,0.0,75.44
0,32.44,43.0,0.0,0.0,75.44
0,32.24,43.24,0.0,0.0,75.48
0,32.24,43.24,0.0,0.0,75.48
0,32.32,43.12,0.0,0.0,75.44
0,32.32,43.12,0.0,0.0,75.44
0,32.32,43.12,0.0,0.0,75.44
0,29.84,41.4,0.0,0.0,71.24
0,29.84,41.4,0.0,0.0,71.24
0,24.84,36.6,0.0,0.0,61.44
0,24.84,36.6,0.0,0.0,61.44
0,18.44,27.72,0.0,0.0,46.160000000000004
0,18.44,27.72,0.0,0.0,46.160000000000004
0,18.44,27.72,0.0,0.0,46.160000000000004
0,12.120000000000001,18.88,0.0,0.0,31.0
0,12.120000000000001,18.88,0.0,0.0,31.0
0,5.8,10.36,0.0,0.0,16.16
0,5.8,10.36,0.0,0.0,16.16
0,1.72,3.64,0.0,0.0,5.36
0,1.72,3.64,0.0,0.0,5.36
0,1.72,3.64,0.0,0.0,5.36
0,0.0,0.0,0.0,0.0,0.0
0,0.0,0.0,0.0,0.0,0.0
0,0.0,0.0,0.0,0.0,0.0
0,0.0,0.0,0.0,0.0,0.0
0,0.0,0.0,0.0,0.0,0.0
0,0.0,0.0,0.0,0.0,0.0
0,0.0,0.0,0.0,0.0,0.0
0,0.0,0.0,0.0,0.0,0.0
0,0.0,0.0,0.0,0.0,0.0
0,0.0,0.0,0.0,0.0,0.0
0,0.0,0.0,0.0,0.0,0.0
0,0.0,0.0,0.0,0.0,0.0
0,0.0,0.0,0.0,0.0,0.0
0,0.0,0.0,0.0,0.0,0.0
0,0.0,0.0,0.0,0.0,0.0
0,0.0,0.0,0.0,0.0,0.0
0,0.0,0.0,0.0,0.0,0.0
0,0.0,0.0,0.0,0.0,0.0
0,0.0,0.0,0.0,0.0,0.0
0,0.0,0.0,0.0,0.0,0.0
0,0.0,0.0,0.0,0.0,0.0
0,0.0,0.0,0.0,0.0,0.0
0,0.0,0.0,0.0,0.0,0.0
0,0.0,0.0,0.0,0.0,0.0
0,0.0,0.0,0.0,0.0,0.0
0,0.0,0.0,0.0,0.0,0.0
0,0.0,0.0,0.0,0.0,0.0
0,0.0,0.0,0.0,0.0,0.0
0,0.0,0.0,0.0,0.0,0.0
0,0.0,0.0,0.0,0.0,0.0
0,0.0,0.0,0.0,0.0,0.0
0,0.0,0.0,0.0,0.0,0.0
0,0.0,0.0,0.0,0.0,0.0
0,0.0,0.0,0.0,0.0,0.0
0,0.0,0.0,0.0,0.0,0.0
0,0.0,0.0,0.0,0.0,0.0
0,0.0,0.0,0.0,0.0,0.0
0,0.0,0.0,0.0,0.0,0.0
0,0.0,0.0,0.0,0.0,0.0
0,0.0,0.0,0.0,0.0,0.0
0,0.0,0.0,0.0,0.0,0.0
0,0.0,0.0,0.0,0.0,0.0
0,0.0,0.0,0.0,0.0,0.0
0,0.0,0.0,0.0,0.0,0.0
0,0.0,0.0,0.0,0.0,0.0
0,0.0,0.0,0.0,0.0,0.0
0,0.0,0.0,0.0,0.0,0.0
0,0.0,0.0,0.0,0.0,0.0
0,0.0,0.0,0.0,0.0,0.0
0,0.0,0.0,0.0,0.0,0.0
0,0.0,0.0,0.0,0.0,0.0
0,0.0,0.0,0.0,0.0,0.0
0,0.0,0.0,0.0,0.0,0.0
0,0.0,0.0,0.0,0.0,0.0
0,0.0,0.0,0.0,0.0,0.0
0,0.0,0.0,0.0,0.0,0.0
0,0.0,0.0,0.0,0.0,0.0
0,0.0,0.0,0.0,0.0,0.0
0,0.0,0.0,0.0,0.0,0.0
0,0.0,0.0,0.0,0.0,0.0
0,0.0,0.0,0.0,0.0,0.0
0,0.0,0.0,0.0,0.0,0.0
0,0.0,0.0,0.0,0.0,0.0
0,0.0,0.0,0.0,0.0,0.0
0,0.0,0.0,0.0,0.0,0.0
0,0.0,0.0,0.0,0.0,0.0
0,0.0,0.0,0.0,0.0,0.0
0,0.0,0.0,0.0,0.0,0.0
0,0.0,0.0,0.0,0.0,0.0
0,0.0,0.0,0.0,0.0,0.0
0,0.0,0.0,0.0,0.0,0.0
0,0.0,0.0,0.0,0.0,0.0
0,0.0,0.0,0.0,0.0,0.0
0,0.0,0.0,0.0,0.0,0.0
0,0.0,0.0,0.0,0.0,0.0
0,0.0,0.0,0.0,0.0,0.0
0,0.0,0.0,0.0,0.0,0.0
0,0.0,0.0,0.0,0.0,0.0
0,0.0,0.0,0.0,0.0,0.0
0,0.0,0.0,0.0,0.0,0.0
0,0.0,0.0,0.0,0.0,0.0
0,0.0,0.0,0.0,0.0,0.0
0,0.0,0.0,0.0,0.0,0.0
0,0.0,0.0,0.0,0.0,0.0
0,0.0,0.0,0.0,0.0,0.0
0,0.0,0.0,0.0,0.0,0.0
0,0.0,0.0,0.0,0.0,0.0
0,0.0,0.0,0.0,0.0,0.0
0,0.0,0.0,0.0,0.0,0.0
0,0.0,0.0,0.0,0.0,0.0
0,0.0,0.0,0.0,0.0,0.0
0,0.0,0.0,0.0,0.0,0.0
0,0.0,0.0,0.0,0.0,0.0
0,0.0,0.0,0.0,0.0,0.0
0,0.0,0.0,0.0,0.0,0.0
0,0.0,0.0,0.0,0.0,0.0
0,0.0,0.0,0.0,0.0,0.0
0,0.0,0.0,0.0,0.0,0.0
0,0.0,0.0,0.0,0.0,0.0
0,0.0,0.0,0.0,0.0,0.0
0,0.0,0.0,0.0,0.0,0.0
0,0.0,0.0,0.0,0.0,0.0
0,0.0,0.0,0.0,0.0,0.0
0,0.0,0.0,0.0,0.0,0.0
0,0.0,0.0,0.0,0.0,0.0
0,0.0,0.0,0.0,0.0,0.0
0,0.0,0.0,0.0,0.0,0.0
0,0.0,0.0,0.0,0.0,0.0
0,0.0,0.0,0.0,0.0,0.0
0,0.0,0.0,0.0,0.0,0.0
0,0.0,0.0,0.0,0.0,0.0
0,0.0,0.0,0.0,0.0,0.0
0,0.0,0.0,0.0,0.0,0.0
0,0.0,0.0,0.0,0.0,0.0
0,0.0,0.0,0.0,0.0,0.0
0,0.0,0.0,0.0,0.0,0.0
0,0.0,0.0,0.0,0.0,0.0
0,0.0,0.0,0.0,0.0,0.0
0,0.0,0.0,0.0,0.0,0.0
0,0.0,0.0,0.0,0.0,0.0
0,0.0,0.0,0.0,0.0,0.0
0,0.0,0.0,0.0,0.0,0.0
0,0.0,0.0,0.0,0.0,0.0
0,0.0,0.0,0.0,0.0,0.0
0,0.0,0.0,0.0,0.0,0.0
0,0.0,0.0,0.0,0.0,0.0
0,0.0,0.0,0.0,0.0,0.0
0,0.0,0.0,0.0,0.0,0.0
0,0.0,0.0,0.0,0.0,0.0
0,0.0,0.0,0.0,0.0,0.0
0,0.0,0.0,0.0,0.0,0.0
0,0.0,0.0,0.0,0.0,0.0
0,0.0,0.0,0.0,0.0,0.0
0,0.0,0.0,0.0,0.0,0.0
0,0.0,0.0,0.0,0.0,0.0
0,0.0,0.0,0.0,0.0,0.0
0,1.08,0.0,1.16,0.96,3.2
0,1.08,0.0,1.16,0.96,3.2
0,1.44,0.0,1.6,1.36,4.4
0,1.44,0.0,1.6,1.36,4.4
0,1.44,0.0,1.6,1.36,4.4
0,1.44,0.0,1.6,1.36,4.4
0,1.44,0.0,1.6,1.36,4.4
0,2.52,0.0,3.12,2.6,8.24
0,2.52,0.0,3.12,2.6,8.24
0,6.72,0.0,8.040000000000001,7.32,22.080000000000002
0,6.72,0.0,8.040000000000001,7.32,22.080000000000002
0,6.72,0.0,8.040000000000001,7.32,22.080000000000002
0,12.08,0.0,14.52,13.52,40.12
0,12.08,0.0,14.52,13.52,40.12
0,11.72,0.0,14.08,13.120000000000001,38.92
0,11.72,0.0,14.08,13.120000000000001,38.92
0,11.72,0.0,14.08,13.120000000000001,38.92
0,11.72,0.0,14.08,13.120000000000001,38.92
0,11.72,0.0,14.08,13.120000000000001,38.92
0,11.16,0.0,13.200000000000001,12.4,36.76
0,11.16,0.0,13.200000000000001,12.4,36.76
0,11.4,0.0,14.16,12.76,38.32
0,11.4,0.0,14.16,12.76,38.32
0,11.4,0.0,14.16,12.76,38.32
0,4.96,0.0,6.5200000000000005,5.6000000000000005,17.080000000000002
0,4.96,0.0,6.5200000000000005,5.6000000000000005,17.080000000000002
0,4.96,0.0,6.5200000000000005,5.6000000000000005,17.080000000000002
0,4.96,0.0,6.5200000000000005,5.6000000000000005,17.080000000000002
0,13.480000000000002,0.0,16.080000000000002,14.960000000000003,44.52000000000001
0,13.48,0.0,16.080000000000002,14.96,44.52
0,13.48,0.0,16.080000000000002,14.96,44.52
0,18.400000000000002,0.0,21.12,20.04,59.56
0,18.400000000000002,0.0,21.12,20.04,59.56
0,13.96,0.0,15.24,14.96,44.160000000000004
0,13.96,0.0,15.24,14.96,44.160000000000004
0,13.96,0.0,15.24,14.96,44.160000000000004
0,13.96,0.0,15.24,14.96,44.160000000000004
0,13.96,0.0,15.24,14.96,44.160000000000004
0,14.96,0.0,16.8,16.2,47.96
0,14.96,0.0,16.8,16.2,47.96
0,6.68,0.0,7.5600000000000005,6.96,21.2
0,6.68,0.0,7.5600000000000005,6.96,21.2
0,6.68,0.0,7.5600000000000005,6.96,21.2
0,1.24,0.0,1.8800000000000001,1.36,4.48
0,1.24,0.0,1.8800000000000001,1.36,4.48
0,2.36,0.0,3.72,2.64,8.72
0,2.36,0.0,3.72,2.64,8.72
0,7.08,0.0,9.44,7.48,24.0
0,7.08,0.0,9.44,7.48,24.0
0,7.08,0.0,9.44,7.48,24.0
0,13.360000000000003,0.0,16.240000000000002,13.400000000000002,43.00000000000001
0,13.36,0.0,16.240000000000002,13.4,43.0
0,13.120000000000001,0.0,15.92,13.280000000000001,42.32
0,13.120000000000001,0.0,15.92,13.280000000000001,42.32
0,13.120000000000001,0.0,15.92,13.280000000000001,42.32
0,13.120000000000001,0.0,15.92,13.280000000000001,42.32
0,13.120000000000001,0.0,15.92,13.280000000000001,42.32
0,13.32,0.0,15.88,13.280000000000001,42.480000000000004
0,13.32,0.0,15.88,13.280000000000001,42.480000000000004
0,12.4,0.0,14.52,12.120000000000001,39.04
0,12.4,0.0,14.52,12.120000000000001,39.04
0,12.4,0.0,14.52,12.120000000000001,39.04
0,5.12,0.0,6.16,4.96,16.240000000000002
0,5.12,0.0,6.16,4.96,16.240000000000002
0,5.12,0.0,6.16,4.96,16.240000000000002
0,5.12,0.0,6.16,4.96,16.240000000000002
0,5.12,0.0,6.16,4.96,16.240000000000002
0,11.56,0.0,13.6,11.52,36.68
0,11.56,0.0,13.6,11.52,36.68
0,10.24,0.0,11.8,10.24,32.28
0,10.24,0.0,11.8,10.24,32.28
0,6.44,0.0,7.44,6.5600000000000005,20.44
0,6.44,0.0,7.44,6.5600000000000005,20.44
0,6.44,0.0,7.44,6.5600000000000005,20.44
0,7.84,0.0,8.8,7.8,24.44
0,7.84,0.0,8.8,7.8,24.44
0,12.8,0.0,14.6,12.84,40.24
0,12.8,0.0,14.6,12.84,40.24
0,6.360000000000001,0.0,7.160000000000001,6.280000000000001,19.800000000000004
0,6.36,0.0,7.16,6.28,19.8
0,6.36,0.0,7.16,6.28,19.8
0,6.36,0.0,7.16,6.28,19.8
0,6.36,0.0,7.16,6.28,19.8
0,15.0,0.0,16.72,14.44,46.160000000000004
0,15.0,0.0,16.72,14.44,46.160000000000004
0,15.0,0.0,16.72,14.44,46.160000000000004
0,24.400000000000002,0.0,27.28,22.8,74.48
0,24.400000000000002,0.0,27.28,22.8,74.48
0,29.92,0.0,32.88,27.52,90.32000000000001
0,29.92,0.0,32.88,27.52,90.32000000000001
0,40.2,0.0,45.08,37.32,122.60000000000001
0,40.2,0.0,45.08,37.32,122.60000000000001
0,40.2,0.0,45.08,37.32,122.60000000000001
0,49.88,0.0,56.28,46.32,152.48
0,49.88,0.0,56.28,46.32,152.48
0,51.52,0.0,58.88,48.08,158.48
0,51.52,0.0,58.88,48.08,158.48
0,51.52,0.0,58.88,48.08,158.48
0,50.68,0.0,58.04,47.68,156.4
0,50.68,0.0,58.04,47.68,156.4
0,50.120000000000005,0.0,57.92,47.64,155.68
0,50.120000000000005,0.0,57.92,47.64,155.68
0,49.94801247700552,0.0,56.98632328241222,47.18867471806766,154.1230104774854
0,49.94801247700552,0.0,56.98632328241222,47.18867471806766,154.1230104774854
0,49.94801247700552,0.0,56.98632328241222,47.18867471806766,154.1230104774854
0,50.08,0.0,57.4,47.52,155.0
0,50.08,0.0,57.4,47.52,155.0
0,44.6,0.0,50.6,42.160000000000004,137.36
0,44.6,0.0,50.6,42.160000000000004,137.36
0,44.6,0.0,50.6,42.160000000000004,137.36
0,34.64,0.0,39.52,32.96,107.12
0,34.64,0.0,39.52,32.96,107.12
0,24.72,0.0,28.240000000000002,23.240000000000002,76.2
0,24.72,0.0,28.240000000000002,23.240000000000002,76.2
0,15.80379291029847,0.0,18.48443626470353,14.88357205729375,49.17180123229575
0,15.80379291029847,0.0,18.48443626470353,14.88357205729375,49.17180123229575
0,15.80379291029847,0.0,18.48443626470353,14.88357205729375,49.17180123229575
0,6.0,0.0,6.88,5.5600000000000005,18.44
0,6.0,0.0,6.88,5.5600000000000005,18.44
0,1.2,0.0,1.52,1.0,3.72
0,1.2,0.0,1.52,1.0,3.72
0,1.2,0.0,1.52,1.0,3.72
0,1.2,0.0,1.52,1.0,3.72
0,1.2,0.0,1.52,1.0,3.72
0,2.7600000000000002,0.0,3.44,2.44,8.64
0,2.7600000000000002,0.0,3.44,2.44,8.64
0,8.840000000000002,0.0,10.600000000000001,8.000000000000002,27.440000000000005
0,8.84,0.0,10.6,8.0,27.44
0,8.84,0.0,10.6,8.0,27.44
0,8.84,0.0,10.6,8.0,27.44
0,8.84,0.0,10.6,8.0,27.44
0,8.84,0.0,10.6,8.0,27.44
0,8.84,0.0,10.6,8.0,27.44
0,8.84,0.0,10.6,8.0,27.44
0,8.84,0.0,10.6,8.0,27.44
0,8.84,0.0,10.6,8.0,27.44
0,7.28,0.0,8.68,6.5600000000000005,22.52
0,7.28,0.0,8.68,6.5600000000000005,22.52
0,0.0,0.0,0.0,0.0,0.0
0,0.0,0.0,0.0,0.0,0.0
0,0.0,0.0,0.0,0.0,0.0
0,0.0,0.0,0.0,0.0,0.0
0,0.0,0.0,0.0,0.0,0.0
0,0.0,0.0,0.0,0.0,0.0
0,0.0,0.0,0.0,0.0,0.0
0,0.0,0.0,0.0,0.0,0.0
0,0.0,0.0,0.0,0.0,0.0
0,0.0,0.0,0.0,0.0,0.0
0,0.0,0.0,0.0,0.0,0.0
0,0.0,0.0,0.0,0.0,0.0
0,0.0,0.0,0.0,0.0,0.0
0,0.0,0.0,0.0,0.0,0.0
0,0.0,0.0,0.0,0.0,0.0
0,0.0,0.0,0.0,0.0,0.0
0,0.0,0.0,0.0,0.0,0.0
0,0.0,0.0,0.0,0.0,0.0
0,0.0,0.0,0.0,0.0,0.0
0,0.0,0.0,0.0,0.0,0.0
0,0.0,0.0,0.0,0.0,0.0
0,0.0,0.0,0.0,0.0,0.0
0,0.0,0.0,0.0,0.0,0.0
0,0.0,0.0,0.0,0.0,0.0
0,0.0,0.0,0.0,0.0,0.0
0,0.0,0.0,0.0,0.0,0.0
0,0.0,0.0,0.0,0.0,0.0
0,0.0,0.0,0.0,0.0,0.0
0,0.0,0.0,0.0,0.0,0.0
0,0.0,0.0,0.0,0.0,0.0
0,0.0,0.0,0.0,0.0,0.0
0,0.0,0.0,0.0,0.0,0.0
0,0.0,0.0,0.0,0.0,0.0
0,0.0,0.0,0.0,0.0,0.0
0,0.0,0.0,0.0,0.0,0.0
0,0.0,0.0,0.0,0.0,0.0
0,0.0,0.0,0.0,0.0,0.0
0,0.0,0.0,0.0,0.0,0.0
0,0.0,0.0,0.0,0.0,0.0
0,0.0,0.0,0.0,0.0,0.0
0,0.0,0.0,0.0,0.0,0.0
0,0.0,0.0,0.0,0.0,0.0
0,0.0,0.0,0.0,0.0,0.0
0,0.0,0.0,0.0,0.0,0.0
0,0.0,0.0,0.0,0.0,0.0
0,0.0,0.0,0.0,0.0,0.0
0,0.0,0.0,0.0,0.0,0.0
0,0.0,0.0,0.0,0.0,0.0
0,0.0,0.0,0.0,0.0,0.0
0,0.0,0.0,0.0,0.0,0.0
0,0.0,0.0,0.0,0.0,0.0
0,0.0,0.0,0.0,0.0,0.0
0,0.0,0.0,0.0,0.0,0.0
0,0.0,0.0,0.0,0.0,0.0
0,0.0,0.0,0.0,0.0,0.0
0,0.0,0.0,0.0,0.0,0.0
0,0.0,0.0,0.0,0.0,0.0
0,0.0,0.0,0.0,0.0,0.0
0,0.0,0.0,0.0,0.0,0.0
0,0.0,0.0,0.0,0.0,0.0
0,0.0,0.0,0.0,0.0,0.0
0,0.0,0.0,0.0,0.0,0.0
0,0.0,0.0,0.0,0.0,0.0
0,0.0,0.0,0.0,0.0,0.0
0,0.0,0.0,0.0,0.0,0.0
0,0.0,0.0,0.0,0.0,0.0
0,0.0,0.0,0.0,0.0,0.0
0,0.0,0.0,0.0,0.0,0.0
0,0.0,0.0,0.0,0.0,0.0
0,0.0,0.0,0.0,0.0,0.0
0,0.0,0.0,0.0,0.0,0.0
0,0.0,0.0,0.0,0.0,0.0
0,0.0,0.0,0.0,0.0,0.0
0,0.0,0.0,0.0,0.0,0.0
0,0.0,0.0,0.0,0.0,0.0
0,0.0,0.0,0.0,0.0,0.0
0,0.0,0.0,0.0,0.0,0.0
0,0.0,0.0,0.0,0.0,0.0
0,0.0,0.0,0.0,0.0,0.0
0,0.0,0.0,0.0,0.0,0.0
0,0.0,0.0,0.0,0.0,0.0
0,0.0,0.0,0.0,0.0,0.0
0,0.0,0.0,0.0,0.0,0.0
0,0.0,0.0,0.0,0.0,0.0
0,0.0,0.0,0.0,0.0,0.0
0,0.0,0.0,0.0,0.0,0.0
0,0.0,0.0,0.0,0.0,0.0
0,0.0,0.0,0.0,0.0,0.0
0,0.0,0.0,0.0,0.0,0.0
0,0.0,0.0,0.0,0.0,0.0
0,0.0,0.0,0.0,0.0,0.0
0,0.0,0.0,0.0,0.0,0.0
0,0.0,0.0,0.0,0.0,0.0
0,0.0,0.0,0.0,0.0,0.0
0,0.0,0.0,0.0,0.0,0.0
0,0.0,0.0,0.0,0.0,0.0
0,0.0,0.0,0.0,0.0,0.0
0,0.0,0.0,0.0,0.0,0.0
0,0.0,0.0,0.0,0.0,0.0
0,0.0,0.0,0.0,0.0,0.0
0,0.0,0.0,0.0,0.0,0.0
0,0.0,0.0,0.0,0.0,0.0
0,0.0,0.0,0.0,0.0,0.0
0,0.0,0.0,0.0,0.0,0.0
0,0.0,0.0,0.0,0.0,0.0
0,0.0,0.0,0.0,0.0,0.0
0,0.0,0.0,0.0,0.0,0.0
0,0.0,0.0,0.0,0.0,0.0
0,0.0,0.0,0.0,0.0,0.0
0,0.0,0.0,0.0,0.0,0.0
0,0.0,0.0,0.0,0.0,0.0
0,0.0,0.0,0.0,0.0,0.0
0,0.0,0.0,0.0,0.0,0.0
0,0.0,0.0,0.0,0.0,0.0
0,0.0,0.0,0.0,0.0,0.0
0,0.0,0.0,0.0,0.0,0.0
0,0.0,0.0,0.0,0.0,0.0
0,0.0,0.0,0.0,0.0,0.0
0,0.0,0.0,0.0,0.0,0.0
0,0.0,0.0,0.0,0.0,0.0
0,0.0,0.0,0.0,0.0,0.0
0,0.0,0.0,0.0,0.0,0.0
0,0.0,0.0,0.0,0.0,0.0
0,0.0,0.0,0.0,0.0,0.0
0,0.0,0.0,0.0,0.0,0.0
0,0.0,0.0,0.0,0.0,0.0
0,0.0,0.0,0.0,0.0,0.0
0,0.0,0.0,0.0,0.0,0.0
0,0.0,0.0,0.0,0.0,0.0
0,0.0,0.0,0.0,0.0,0.0
0,0.0,0.0,0.0,0.0,0.0
0,0.0,0.0,0.0,0.0,0.0
0,0.0,0.0,0.0,0.0,0.0
0,0.0,0.0,0.0,0.0,0.0
0,0.0,0.0,0.0,0.0,0.0
0,0.0,0.0,0.0,0.0,0.0
0,0.0,0.0,0.0,0.0,0.0
0,0.0,0.0,0.0,0.0,0.0
0,0.0,0.0,0.0,0.0,0.0
0,0.0,0.0,0.0,0.0,0.0
0,0.0,0.0,0.0,0.0,0.0
0,0.0,2.36,0.0,0.0,2.36
0,0.0,2.36,0.0,0.0,2.36
0,0.0,10.08,0.0,0.0,10.08
0,0.0,10.08,0.0,0.0,10.08
0,0.0,10.08,0.0,0.0,10.08
0,0.0,17.52,0.0,0.0,17.52
0,0.0,17.52,0.0,0.0,17.52
0,0.0,25.240000000000006,0.0,0.0,25.240000000000006
0,0.0,25.240000000000002,0.0,0.0,25.240000000000002
0,0.0,32.4,0.0,0.0,32.4
0,0.0,32.4,0.0,0.0,32.4
0,0.0,32.4,0.0,0.0,32.4
0,0.0,37.480000000000004,0.0,0.0,37.480000000000004
0,0.0,37.480000000000004,0.0,0.0,37.480000000000004
0,0.0,36.88,0.0,0.0,36.88
0,0.0,36.88,0.0,0.0,36.88
0,0.0,36.88,0.0,0.0,36.88
0,0.0,36.28,0.0,0.0,36.28
0,0.0,36.28,0.0,0.0,36.28
0,0.0,35.92,0.0,0.0,35.92
0,0.0,35.92,0.0,0.0,35.92
0,0.0,35.56000000000001,0.0,0.0,35.56000000000001
0,0.0,35.56,0.0,0.0,35.56
0,0.0,35.56,0.0,0.0,35.56
0,0.0,35.52,0.0,0.0,35.52
0,0.0,35.52,0.0,0.0,35.52
0,0.0,35.24,0.0,0.0,35.24
0,0.0,35.24,0.0,0.0,35.24
0,0.0,35.24,0.0,0.0,35.24
0,0.0,35.44,0.0,0.0,35.44
0,0.0,35.44,0.0,0.0,35.44
0,0.0,35.2,0.0,0.0,35.2
0,0.0,35.2,0.0,0.0,35.2
0,0.0,35.36,0.0,0.0,35.36
0,0.0,35.36,0.0,0.0,35.36
0,0.0,35.36,0.0,0.0,35.36
0,0.0,35.08,0.0,0.0,35.08
0,0.0,35.08,0.0,0.0,35.08
0,0.0,35.480000000000004,0.0,0.0,35.480000000000004
0,0.0,35.480000000000004,0.0,0.0,35.480000000000004
0,0.0,35.68,0.0,0.0,35.68
0,0.0,35.68,0.0,0.0,35.68
0,0.0,35.68,0.0,0.0,35.68
0,0.0,35.56,0.0,0.0,35.56
0,0.0,35.56,0.0,0.0,35.56
0,0.0,35.36,0.0,0.0,35.36
0,0.0,35.36,0.0,0.0,35.36
0,0.0,35.36,0.0,0.0,35.36
0,0.0,35.24,0.0,0.0,35.24
0,0.0,35.24,0.0,0.0,35.24
0,0.0,34.76,0.0,0.0,34.76
0,0.0,34.76,0.0,0.0,34.76
0,0.0,34.76,0.0,0.0,34.76
0,0.0,34.76,0.0,0.0,34.76
0,0.0,34.76,0.0,0.0,34.76
0,0.0,34.72,0.0,0.0,34.72
0,0.0,34.72,0.0,0.0,34.72
0,0.0,34.76,0.0,0.0,34.76
0,0.0,34.76,0.0,0.0,34.76
0,0.0,34.76,0.0,0.0,34.76
0,0.0,34.68,0.0,0.0,34.68
0,0.0,34.68,0.0,0.0,34.68
0,0.0,34.800000000000004,0.0,0.0,34.800000000000004
0,0.0,34.800000000000004,0.0,0.0,34.800000000000004
0,0.36,34.480000000000004,0.32,0.28,35.44
0,0.36,34.480000000000004,0.32,0.28,35.44
0,0.36,34.480000000000004,0.32,0.28,35.44
0,0.36,34.24,0.32,0.28,35.2
0,0.36,34.24,0.32,0.28,35.2
0,0.3600000000000001,34.20000000000001,0.32000000000000006,0.28,35.160000000000004
0,0.36,34.2,0.32,0.28,35.160000000000004
0,0.36,34.2,0.32,0.28,35.160000000000004
0,0.36,34.24,0.32,0.28,35.2
0,0.36,34.24,0.32,0.28,35.2
0,0.36,34.2,0.32,0.28,35.160000000000004
0,0.36,34.2,0.32,0.28,35.160000000000004
0,3.16,34.24,6.5200000000000005,5.08,49.0
0,3.16,34.24,6.5200000000000005,5.08,49.0
0,3.16,34.24,6.5200000000000005,5.08,49.0
0,3.16,34.36,6.5200000000000005,5.08,49.120000000000005
0,3.16,34.36,6.5200000000000005,5.08,49.120000000000005
0,3.16,34.4,6.5200000000000005,5.08,49.160000000000004
0,3.16,34.4,6.5200000000000005,5.08,49.160000000000004
0,3.95,34.300000000000004,8.15,6.3500000000000005,52.75
0,3.16,34.44,6.5200000000000005,5.08,49.2
0,3.16,34.44,6.5200000000000005,5.08,49.2
0,3.16,34.480000000000004,6.5200000000000005,5.08,49.24
0,3.16,34.480000000000004,6.5200000000000005,5.08,49.24
0,0.0,34.6,0.0,0.0,34.6
0,0.0,34.6,0.0,0.0,34.6
0,0.0,34.6,0.0,0.0,34.6
0,0.0,34.72,0.0,0.0,34.72
0,0.0,34.72,0.0,0.0,34.72
0,0.0,35.0,0.0,0.0,35.0
0,0.0,35.0,0.0,0.0,35.0
0,0.0,35.32,0.0,0.0,35.32
0,0.0,35.32,0.0,0.0,35.32
0,0.0,35.32,0.0,0.0,35.32
0,0.0,35.36,0.0,0.0,35.36
0,0.0,35.36,0.0,0.0,35.36
0,0.0,35.04,0.0,0.0,35.04
0,0.0,35.04,0.0,0.0,35.04
0,0.0,35.04,0.0,0.0,35.04
0,0.0,35.36,0.0,0.0,35.36
0,0.0,35.36,0.0,0.0,35.36
0,0.0,35.72,0.0,0.0,35.72
0,0.0,35.72,0.0,0.0,35.72
0,0.0,35.72,0.0,0.0,35.72
0,0.0,35.72,0.0,0.0,35.72
0,0.0,35.72,0.0,0.0,35.72
0,0.0,36.2,0.0,0.0,36.2
0,0.0,36.2,0.0,0.0,36.2
0,0.0,37.36,0.0,0.0,37.36
0,0.0,37.36,0.0,0.0,37.36
0,0.0,37.36,0.0,0.0,37.36
0,0.0,37.6,0.0,0.0,37.6
0,0.0,37.6,0.0,0.0,37.6
0,0.8,38.32,0.88,1.08,41.08
0,0.8,38.32,0.88,1.08,41.08
0,3.52,39.08,6.36,5.8,54.76
0,3.52,39.08,6.36,5.8,54.76
0,3.52,39.08,6.36,5.8,54.76
0,3.52,39.92,6.36,5.8,55.6
0,3.52,39.92,6.36,5.8,55.6
0,3.52,39.92,6.36,5.8,55.6
0,3.52,39.92,6.36,5.8,55.6
0,3.52,40.2,6.36,5.8,55.88
0,3.52,40.2,6.36,5.8,55.88
0,3.52,40.2,6.36,5.8,55.88
0,5.48,40.56,11.200000000000001,9.88,67.12
0,5.48,40.56,11.200000000000001,9.88,67.12
0,2.7600000000000002,41.36,5.72,5.16,55.0
0,2.7600000000000002,41.36,5.72,5.16,55.0
0,2.7600000000000002,41.36,5.72,5.16,55.0
0,2.7600000000000002,41.6,5.72,5.16,55.24
0,2.7600000000000002,41.6,5.72,5.16,55.24
0,2.7600000000000002,41.88,5.72,5.16,55.52
0,2.7600000000000002,41.88,5.72,5.16,55.52
0,2.7600000000000002,42.4,5.72,5.16,56.04
0,2.7600000000000002,42.4,5.72,5.16,56.04
0,2.7600000000000002,42.4,5.72,5.16,56.04
0,0.0,42.480000000000004,0.0,0.0,42.480000000000004
0,0.0,42.480000000000004,0.0,0.0,42.480000000000004
0,0.0,42.2,0.0,0.0,42.2
0,0.0,42.2,0.0,0.0,42.2
0,0.0,42.2,0.0,0.0,42.2
0,0.0,35.0,0.0,0.0,35.0
0,0.0,35.0,0.0,0.0,35.0
0,0.0,26.8,0.0,0.0,26.8
0,0.0,26.8,0.0,0.0,26.8
0,0.0,18.48,0.0,0.0,18.48
0,0.0,18.48,0.0,0.0,18.48
0,0.0,18.48,0.0,0.0,18.48
0,0.0,9.88,0.0,0.0,9.88
0,0.0,9.88,0.0,0.0,9.88
0,0.0,1.28,0.0,0.0,1.28
0,0.0,1.28,0.0,0.0,1.28
0,0.0,0.0,0.0,0.0,0.0
0,0.0,0.0,0.0,0.0,0.0
0,0.0,0.0,0.0,0.0,0.0
0,0.0,0.0,0.0,0.0,0.0
0,0.0,0.0,0.0,0.0,0.0
0,0.0,0.0,0.0,0.0,0.0
0,0.0,0.0,0.0,0.0,0.0
0,0.0,0.0,0.0,0.0,0.0
0,0.0,0.0,0.0,0.0,0.0
0,0.0,0.0,0.0,0.0,0.0
0,0.0,0.0,0.0,0.0,0.0
0,0.0,0.0,0.0,0.0,0.0
0,0.64,0.0,0.64,0.48,1.76
0,0.64,0.0,0.64,0.48,1.76
0,0.64,0.0,0.64,0.48,1.76
0,2.88,0.0,4.6000000000000005,4.32,11.8
0,2.88,0.0,4.6000000000000005,4.32,11.8
0,2.88,0.0,4.6000000000000005,4.32,11.8
0,2.88,0.0,4.6000000000000005,4.32,11.8
0,2.88,0.0,4.6000000000000005,4.32,11.8
0,2.88,0.0,4.6000000000000005,4.32,11.8
0,2.88,0.0,4.6000000000000005,4.32,11.8
0,2.88,0.0,4.6000000000000005,4.32,11.8
0,2.88,0.0,4.6000000000000005,4.32,11.8
0,5.88,0.0,10.76,10.24,26.88
0,5.88,0.0,10.76,10.24,26.88
0,5.88,0.0,10.76,10.24,26.88
0,3.64,0.0,6.8,6.4,16.84
0,3.64,0.0,6.8,6.4,16.84
0,3.64,0.0,6.8,6.4,16.84
0,3.64,0.0,6.8,6.4,16.84
0,3.64,0.0,6.8,6.4,16.84
0,3.64,0.0,6.8,6.4,16.84
0,3.64,0.0,6.8,6.4,16.84
0,3.64,0.0,6.8,6.4,16.84
0,3.64,0.0,6.8,6.4,16.84
0,0.0,0.0,0.0,0.0,0.0
0,0.0,0.0,0.0,0.0,0.0
0,0.0,0.0,0.0,0.0,0.0
0,0.0,0.0,0.0,0.0,0.0
0,0.0,0.0,0.0,0.0,0.0
0,0.0,0.0,0.0,0.0,0.0
0,0.0,0.0,0.0,0.0,0.0
0,0.0,0.0,0.0,0.0,0.0
0,0.0,0.0,0.0,0.0,0.0
0,0.0,0.0,0.0,0.0,0.0
0,0.0,0.0,0.0,0.0,0.0
0,0.0,0.0,0.0,0.0,0.0
0,0.0,0.0,0.0,0.0,0.0
0,0.0,0.0,0.0,0.0,0.0
0,0.0,0.0,0.0,0.0,0.0
0,0.0,0.0,0.0,0.0,0.0
0,0.0,0.0,0.0,0.0,0.0
0,0.0,0.0,0.0,0.0,0.0
0,0.0,0.0,0.0,0.0,0.0
0,0.0,0.0,0.0,0.0,0.0
0,0.0,0.0,0.0,0.0,0.0
0,0.0,0.0,0.0,0.0,0.0
0,0.0,0.0,0.0,0.0,0.0
0,0.0,0.0,0.0,0.0,0.0
0,0.0,0.0,0.0,0.0,0.0
0,0.0,0.0,0.0,0.0,0.0
0,0.0,0.0,0.0,0.0,0.0
0,0.0,0.0,0.0,0.0,0.0
0,0.0,0.0,0.0,0.0,0.0
0,0.0,0.0,0.0,0.0,0.0
0,0.0,0.0,0.0,0.0,0.0
0,0.0,0.0,0.0,0.0,0.0
0,0.0,0.0,0.0,0.0,0.0
0,0.0,0.0,0.0,0.0,0.0
0,0.0,0.0,0.0,0.0,0.0
0,0.0,0.0,0.0,0.0,0.0
0,0.0,0.0,0.0,0.0,0.0
0,0.0,0.0,0.0,0.0,0.0
0,0.0,0.0,0.0,0.0,0.0
0,0.0,0.0,0.0,0.0,0.0
0,0.0,0.0,0.0,0.0,0.0
0,0.0,0.0,0.0,0.0,0.0
0,0.0,0.0,0.0,0.0,0.0
0,0.0,0.0,0.0,0.0,0.0
0,0.0,0.0,0.0,0.0,0.0
0,0.0,0.0,0.0,0.0,0.0
0,0.0,0.0,0.0,0.0,0.0
0,0.0,0.0,0.0,0.0,0.0
0,0.0,0.0,0.0,0.0,0.0
0,0.0,0.0,0.0,0.0,0.0
0,0.0,0.0,0.0,0.0,0.0
0,0.0,0.0,0.0,0.0,0.0
0,0.0,0.0,0.0,0.0,0.0
0,0.0,0.0,0.0,0.0,0.0
0,0.0,0.0,0.0,0.0,0.0
0,0.0,0.0,0.0,0.0,0.0
0,0.0,0.0,0.0,0.0,0.0
0,0.0,0.0,0.0,0.0,0.0
0,0.0,0.0,0.0,0.0,0.0
0,0.0,0.0,0.0,0.0,0.0
0,0.0,0.0,0.0,0.0,0.0
0,0.0,0.0,0.0,0.0,0.0
0,0.0,0.0,0.0,0.0,0.0
0,0.0,0.0,0.0,0.0,0.0
0,0.0,0.0,0.0,0.0,0.0
0,0.36,0.0,0.64,0.84,1.84
0,0.36,0.0,0.64,0.84,1.84
0,2.12,0.0,3.92,3.84,9.88
0,2.12,0.0,3.92,3.84,9.88
0,2.1200000000000006,0.0,3.920000000000001,3.8400000000000007,9.880000000000003
0,2.12,0.0,3.92,3.84,9.88
0,2.12,0.0,3.92,3.84,9.88
0,2.12,0.0,3.92,3.84,9.88
0,2.12,0.0,3.92,3.84,9.88
0,2.12,0.0,3.92,3.84,9.88
0,2.12,0.0,3.92,3.84,9.88
0,2.12,0.0,3.92,3.84,9.88
0,6.4,0.0,9.92,9.200000000000001,25.52
0,6.4,0.0,9.92,9.200000000000001,25.52
0,7.48,0.0,10.56,9.84,27.88
0,7.48,0.0,10.56,9.84,27.88
0,7.480000000000001,0.0,10.560000000000002,9.840000000000002,27.880000000000006
0,7.48,0.0,10.56,9.84,27.88
0,7.48,0.0,10.56,9.84,27.88
0,7.48,0.0,10.56,9.84,27.88
0,7.48,0.0,10.56,9.84,27.88
0,7.48,0.0,10.56,9.84,27.88
0,7.48,0.0,10.56,9.84,27.88
0,7.48,0.0,10.56,9.84,27.88
0,2.84,0.0,3.92,3.64,10.4
0,2.84,0.0,3.92,3.64,10.4
0,0.0,0.0,0.0,0.0,0.0
0,0.0,0.0,0.0,0.0,0.0
0,1.0,3.72,0.0,0.0,4.72
0,1.0,3.72,0.0,0.0,4.72
0,1.0,3.72,0.0,0.0,4.72
0,4.24,14.08,0.0,0.0,18.32
0,4.24,14.08,0.0,0.0,18.32
0,8.48,25.96,0.0,0.0,34.44
0,8.48,25.96,0.0,0.0,34.44
0,12.16,37.480000000000004,0.0,0.0,49.64
0,12.16,37.480000000000004,0.0,0.0,49.64
0,12.16,37.480000000000004,0.0,0.0,49.64
0,16.48,48.84,0.0,0.0,65.32000000000001
0,16.48,48.84,0.0,0.0,65.32000000000001
0,19.36,57.24,0.0,0.0,76.60000000000001
0,19.36,57.24,0.0,0.0,76.60000000000001
0,19.36,57.24,0.0,0.0,76.60000000000001
0,20.0,58.88,0.0,0.0,78.88
0,20.0,58.88,0.0,0.0,78.88
0,19.96,58.56,0.0,0.0,78.52
0,19.96,58.56,0.0,0.0,78.52
0,18.76,59.56,0.0,0.0,78.32000000000001
0,18.76,59.56,0.0,0.0,78.32000000000001
0,18.76,59.56,0.0,0.0,78.32000000000001
0,17.400000000000002,60.2,0.0,0.0,77.60000000000001
0,17.400000000000002,60.2,0.0,0.0,77.60000000000001
0,16.64,60.04,0.0,0.0,76.68
0,16.64,60.04,0.0,0.0,76.68
0,16.64,60.04,0.0,0.0,76.68
0,16.96,60.28,0.0,0.0,77.24
0,16.96,60.28,0.0,0.0,77.24
0,16.240000000000002,61.44,0.0,0.0,77.68
0,16.240000000000002,61.44,0.0,0.0,77.68
0,17.96,61.08,0.0,0.0,79.04
0,17.96,61.08,0.0,0.0,79.04
0,17.96,61.08,0.0,0.0,79.04
0,19.28,60.92,0.0,0.0,80.2
0,19.28,60.92,0.0,0.0,80.2
0,20.52,61.44,0.0,0.0,81.96000000000001
0,20.52,61.44,0.0,0.0,81.96000000000001
0,20.52,61.44,0.0,0.0,81.96000000000001
0,19.72,61.52,0.0,0.0,81.24
0,19.72,61.52,0.0,0.0,81.24
0,20.68,61.08,0.0,0.0,81.76
0,20.68,61.08,0.0,0.0,81.76
0,20.68,60.480000000000004,0.0,0.0,81.16
0,20.68,60.480000000000004,0.0,0.0,81.16
0,20.68,60.480000000000004,0.0,0.0,81.16
0,20.76,60.88,0.0,0.0,81.64
0,20.76,60.88,0.0,0.0,81.64
0,20.88,61.04,0.0,0.0,81.92
0,20.88,61.04,0.0,0.0,81.92
0,20.88,61.04,0.0,0.0,81.92
0,21.64,60.84,0.0,0.0,82.48
0,21.64,60.84,0.0,0.0,82.48
0,20.28,61.36,0.0,0.0,81.64
0,20.28,61.36,0.0,0.0,81.64
0,19.400000000000002,62.52,0.0,0.0,81.92
0,19.400000000000002,62.52,0.0,0.0,81.92
0,19.400000000000002,62.52,0.0,0.0,81.92
0,18.56,62.76,0.0,0.0,81.32000000000001
0,18.56,62.76,0.0,0.0,81.32000000000001
0,17.0,62.480000000000004,0.0,0.0,79.48
0,17.0,62.480000000000004,0.0,0.0,79.48
0,17.400000000000002,62.960000000000015,0.0,0.0,80.36000000000001
0,17.400000000000002,62.96,0.0,0.0,80.36
0,17.400000000000002,62.96,0.0,0.0,80.36
0,17.76,62.6,0.0,0.0,80.36
0,17.76,62.6,0.0,0.0,80.36
0,19.080000000000002,62.76,0.0,0.0,81.84
0,19.080000000000002,62.76,0.0,0.0,81.84
0,19.080000000000002,62.76,0.0,0.0,81.84
0,19.84,62.68,0.0,0.0,82.52
0,19.84,62.68,0.0,0.0,82.52
0,20.400000000000002,63.160000000000004,0.0,0.0,83.56
0,20.400000000000002,63.160000000000004,0.0,0.0,83.56
0,20.080000000000002,62.88,0.0,0.0,82.96000000000001
0,20.080000000000002,62.88,0.0,0.0,82.96000000000001
0,20.080000000000002,62.88,0.0,0.0,82.96000000000001
0,20.8,62.72,0.0,0.0,83.52
0,20.8,62.72,0.0,0.0,83.52
0,20.48,62.6,0.0,0.0,83.08
0,20.48,62.6,0.0,0.0,83.08
0,20.48,62.6,0.0,0.0,83.08
0,20.32,62.2,0.0,0.0,82.52
0,20.32,62.2,0.0,0.0,82.52
0,21.44,61.800000000000004,0.0,0.0,83.24
0,21.44,61.800000000000004,0.0,0.0,83.24
0,21.52,62.440000000000005,0.0,0.0,83.96000000000001
0,21.52,62.440000000000005,0.0,0.0,83.96000000000001
0,21.52,62.440000000000005,0.0,0.0,83.96000000000001
0,20.240000000000002,62.52,0.0,0.0,82.76
0,20.240000000000002,62.52,0.0,0.0,82.76
0,18.72,62.76,0.0,0.0,81.48
0,18.72,62.76,0.0,0.0,81.48
0,18.240000000000002,63.56,0.0,0.0,81.8
0,18.240000000000002,63.56,0.0,0.0,81.8
0,18.240000000000002,63.56,0.0,0.0,81.8
0,17.76,63.6,0.0,0.0,81.36
0,17.76,63.6,0.0,0.0,81.36
0,16.88,62.88,0.0,0.0,79.76
0,16.88,62.88,0.0,0.0,79.76
0,16.88,62.88,0.0,0.0,79.76
0,18.56,62.88,0.0,0.0,81.44
0,18.56,62.88,0.0,0.0,81.44
0,19.96,62.4,0.0,0.0,82.36
0,19.96,62.4,0.0,0.0,82.36
0,20.68,61.800000000000004,0.0,0.0,82.48
0,20.68,61.800000000000004,0.0,0.0,82.48
0,20.68,61.800000000000004,0.0,0.0,82.48
0,20.04,61.88,0.0,0.0,81.92
0,20.04,61.88,0.0,0.0,81.92
0,20.96,62.56,0.0,0.0,83.52
0,20.96,62.56,0.0,0.0,83.52
0,20.96,62.56,0.0,0.0,83.52
0,20.68,62.36,0.0,0.0,83.04
0,20.68,62.36,0.0,0.0,83.04
0,20.8,62.68,0.0,0.0,83.48
0,20.8,62.68,0.0,0.0,83.48
0,20.6,62.52,0.0,0.0,83.12
0,20.6,62.52,0.0,0.0,83.12
0,20.6,62.52,0.0,0.0,83.12
0,21.76,62.68,0.0,0.0,84.44
0,21.76,62.68,0.0,0.0,84.44
0,21.16,62.36,0.0,0.0,83.52
0,21.16,62.36,0.0,0.0,83.52
0,21.16,62.36,0.0,0.0,83.52
0,19.92,63.120000000000005,0.0,0.0,83.04
0,19.92,63.120000000000005,0.0,0.0,83.04
0,18.56,63.36,0.0,0.0,81.92
0,18.56,63.36,0.0,0.0,81.92
0,18.12,63.84,1.12,0.4,83.48
0,18.12,63.84,1.12,0.4,83.48
0,18.12,63.84,1.12,0.4,83.48
0,18.16,64.36,5.04,2.84,90.4
0,18.16,64.36,5.04,2.84,90.4
0,17.8,64.2,5.04,2.84,89.88
0,17.8,64.2,5.04,2.84,89.88
0,19.2,64.12,5.04,2.84,91.2
0,19.2,64.12,5.04,2.84,91.2
0,19.2,64.12,5.04,2.84,91.2
0,20.6,64.08,5.04,2.84,92.56
0,20.6,64.08,5.04,2.84,92.56
0,22.16,64.56,8.4,5.24,100.36
0,22.16,64.56,8.4,5.24,100.36
0,22.16,64.56,8.4,5.24,100.36
0,21.44,62.0,7.88,4.5600000000000005,97.48
0,21.44,62.0,7.88,4.5600000000000005,97.48
12.154906666666665,23.84,53.800000000000004,18.0,10.16,117.92
15.83866,23.84,53.800000000000004,18.0,10.16,117.92
21.18616666666667,25.76,40.96,29.400000000000002,16.080000000000002,136.8
25.21308333333333,25.76,40.96,29.400000000000002,16.080000000000002,136.8
29.2975,25.76,40.96,29.400000000000002,16.080000000000002,136.8
34.628719999999994,28.12,27.92,40.84,22.48,156.64000000000001
38.93212444444444,28.12,27.92,40.84,22.48,156.64000000000001
43.540588333333325,29.560000000000002,14.92,47.56,26.0,167.76
47.73705333333333,29.560000000000002,14.92,47.56,26.0,167.76
52.71680533333333,32.36000000000001,4.240000000000001,55.76000000000001,30.680000000000007,184.08000000000004
56.969258666666676,32.36,4.24,55.76,30.68,184.08
61.04,32.36,4.24,55.76,30.68,184.08
63.56,33.480000000000004,0.0,56.76,31.080000000000002,184.88
63.56,33.480000000000004,0.0,56.76,31.080000000000002,184.88
62.88,33.24,0.0,55.84,30.88,182.84
62.88,33.24,0.0,55.84,30.88,182.84
62.88,33.24,0.0,55.84,30.88,182.84
62.88,34.04,0.0,55.84,30.64,183.4
62.88,34.04,0.0,55.84,30.64,183.4
62.68,34.4,0.0,56.2,30.36,183.64000000000001
62.68,34.4,0.0,56.2,30.36,183.64000000000001
62.0,34.52,0.0,56.24,29.88,182.64000000000001
62.0,34.52,0.0,56.24,29.88,182.64000000000001
62.0,34.52,0.0,56.24,29.88,182.64000000000001
61.160000000000004,35.44,0.0,56.52,29.92,183.04
61.160000000000004,35.44,0.0,56.52,29.92,183.04
61.800000000000004,36.4,0.0,57.72,29.96,185.88
61.800000000000004,36.4,0.0,57.72,29.96,185.88
61.480000000000004,37.160000000000004,0.0,58.28,29.68,186.6
61.480000000000004,37.160000000000004,0.0,58.28,29.68,186.6
61.480000000000004,37.160000000000004,0.0,58.28,29.68,186.6
61.52,37.92,0.0,58.44,29.84,187.72
61.52,37.92,0.0,58.44,29.84,187.72
61.76,38.96,0.0,58.44,29.84,189.0
61.76,38.96,0.0,58.44,29.84,189.0
61.76,38.96,0.0,58.44,29.84,189.0
62.08,39.28,0.0,58.84,29.84,190.04
62.08,39.28,0.0,58.84,29.84,190.04
61.92,40.2,0.0,58.56,29.76,190.44
61.92,40.2,0.0,58.56,29.76,190.44
61.64,39.88,0.0,57.92,29.8,189.24
61.64,39.88,0.0,57.92,29.8,189.24
61.64,39.88,0.0,57.92,29.8,189.24
61.88,40.4,0.0,57.72,29.64,189.64000000000001
61.88,40.4,0.0,57.72,29.64,189.64000000000001
61.44,40.76,0.0,57.96,29.48,189.64000000000001
61.44,40.76,0.0,57.96,29.48,189.64000000000001
61.44,40.76,0.0,57.96,29.48,189.64000000000001
61.36,40.88,0.0,58.04,29.48,189.76
61.36,40.88,0.0,58.04,29.48,189.76
61.36,41.52,0.0,57.76,30.2,190.84
61.36,41.52,0.0,57.76,30.2,190.84
60.80000000000001,42.20000000000001,0.0,57.96000000000001,30.280000000000005,191.24000000000004
60.800000000000004,42.2,0.0,57.96,30.28,191.24
60.800000000000004,42.2,0.0,57.96,30.28,191.24
60.2,42.24,0.0,57.52,30.8,190.76
60.2,42.24,0.0,57.52,30.8,190.76
59.6,42.76,0.0,57.120000000000005,31.400000000000002,190.88
59.6,42.76,0.0,57.120000000000005,31.400000000000002,190.88
58.92,42.96,0.0,56.84,31.720000000000002,190.44
58.92,42.96,0.0,56.84,31.720000000000002,190.44
58.92,42.96,0.0,56.84,31.720000000000002,190.44
58.24,42.36,0.0,57.160000000000004,31.64,189.4
58.24,42.36,0.0,57.160000000000004,31.64,189.4
58.2,42.56,0.0,57.36,31.52,189.64000000000001
58.2,42.56,0.0,57.36,31.52,189.64000000000001
58.2,42.56,0.0,57.36,31.52,189.64000000000001
57.6,42.88,0.0,57.64,31.28,189.4
57.6,42.88,0.0,57.64,31.28,189.4
57.96,42.64,0.0,57.52,31.080000000000002,189.20000000000002
57.96,42.64,0.0,57.52,31.080000000000002,189.20000000000002
57.44,43.4,0.0,57.120000000000005,30.92,188.88
57.44,43.4,0.0,57.120000000000005,30.92,188.88
57.44,43.4,0.0,57.120000000000005,30.92,188.88
57.36,44.56,0.0,57.120000000000005,30.92,189.96
57.36,44.56,0.0,57.120000000000005,30.92,189.96
56.96,45.28,0.0,56.32,31.28,189.84
56.96,45.28,0.0,56.32,31.28,189.84
56.96,45.28,0.0,56.32,31.28,189.84
56.84,45.4,0.0,56.64,31.36,190.24
56.84,45.4,0.0,56.64,31.36,190.24
55.92,46.28,0.0,56.480000000000004,31.16,189.84
55.92,46.28,0.0,56.480000000000004,31.16,189.84
55.36,46.28,0.0,55.88,31.0,188.52
55.36,46.28,0.0,55.88,31.0,188.52
55.36,46.28,0.0,55.88,31.0,188.52
54.52,46.64,0.0,55.36,30.8,187.32
54.52,46.64,0.0,55.36,30.8,187.32
54.2,46.36,0.0,55.52,30.32,186.4
54.2,46.36,0.0,55.52,30.32,186.4
54.2,46.36,0.0,55.52,30.32,186.4
53.480000000000004,47.36,0.0,55.2,29.400000000000002,185.44
53.480000000000004,47.36,0.0,55.2,29.400000000000002,185.44
53.24,48.04,0.0,54.88,29.2,185.36
53.24,48.04,0.0,54.88,29.2,185.36
52.96,48.96,0.0,55.32,28.88,186.12
52.96,48.96,0.0,55.32,28.88,186.12
52.96,48.96,0.0,55.32,28.88,186.12
52.96,49.04,0.0,55.480000000000004,28.52,186.0
52.96,49.04,0.0,55.480000000000004,28.52,186.0
52.92,49.72,0.0,55.120000000000005,28.6,186.36
52.92,49.72,0.0,55.120000000000005,28.6,186.36
53.64,49.44,0.0,54.64,29.12,186.84
53.64,49.44,0.0,54.64,29.12,186.84
53.64,49.44,0.0,54.64,29.12,186.84
53.68,49.2,0.0,54.24,29.12,186.24
53.68,49.2,0.0,54.24,29.12,186.24
53.56,48.92,0.0,54.120000000000005,29.72,186.32
53.56,48.92,0.0,54.120000000000005,29.72,186.32
53.56,48.92,0.0,54.120000000000005,29.72,186.32
53.480000000000004,49.76,0.0,53.68,29.88,186.8
53.480000000000004,49.76,0.0,53.68,29.88,186.8
53.08,49.96,0.0,53.88,29.96,186.88
53.08,49.96,0.0,53.88,29.96,186.88
52.6,50.480000000000004,0.0,53.800000000000004,29.88,186.76
52.6,50.480000000000004,0.0,53.800000000000004,29.88,186.76
52.6,50.480000000000004,0.0,53.800000000000004,29.88,186.76
52.120000000000005,50.36,0.0,53.84,29.72,186.04
52.120000000000005,50.36,0.0,53.84,29.72,186.04
52.28,50.800000000000004,0.0,53.52,29.16,185.76
52.28,50.800000000000004,0.0,53.52,29.16,185.76
52.28,50.800000000000004,0.0,53.52,29.16,185.76
51.64,50.0,0.0,53.24,28.8,183.68
51.64,50.0,0.0,53.24,28.8,183.68
51.70965806838633,50.1499700059988,0.0,52.46950609878025,28.35432913417317,182.68346330733854
51.70965806838633,50.1499700059988,0.0,52.46950609878025,28.35432913417317,182.68346330733854
51.28,50.24,0.0,51.72,28.16,181.4
51.28,50.24,0.0,51.72,28.16,181.4
51.28,50.24,0.0,51.72,28.16,181.4
51.64,51.4,0.0,50.92,28.560000000000002,182.52
51.64,51.4,0.0,50.92,28.560000000000002,182.52
51.36000000000001,51.40000000000001,0.0,50.40000000000001,28.520000000000007,181.68000000000004
51.36,51.4,0.0,50.4,28.52,181.68
51.6,52.0,0.0,50.04,28.96,182.6
51.6,52.0,0.0,50.04,28.96,182.6
51.6,52.0,0.0,50.04,28.96,182.6
51.450290058011596,51.6503300660132,0.0,49.68993798759751,29.565913182636525,182.35647129425882
51.450290058011596,51.6503300660132,0.0,49.68993798759751,29.565913182636525,182.35647129425882
50.71391433028037,52.43370795504539,0.0,48.914130304363475,29.716434027916648,181.77818661760588
50.71391433028037,52.43370795504539,0.0,48.914130304363475,29.716434027916648,181.77818661760588
50.71391433028037,52.43370795504539,0.0,48.914130304363475,29.716434027916648,181.77818661760588
48.160000000000004,49.84,0.0,48.24,28.88,175.12
48.160000000000004,49.84,0.0,48.24,28.88,175.12
38.6,41.92,0.0,39.88,24.2,144.6
38.6,41.92,0.0,39.88,24.2,144.6
28.400000000000002,33.96,0.0,31.88,19.400000000000002,113.64
28.400000000000002,33.96,0.0,31.88,19.400000000000002,113.64
28.400000000000002,33.96,0.0,31.88,19.400000000000002,113.64
18.16,24.0,0.0,22.04,13.32,77.52
18.16,24.0,0.0,22.04,13.32,77.52
8.601032123854862,13.041564987798536,0.0,12.761531383766053,7.440892907148858,41.84502140256831
8.601032123854862,13.041564987798536,0.0,12.761531383766053,7.440892907148858,41.84502140256831
8.601032123854862,13.041564987798536,0.0,12.761531383766053,7.440892907148858,41.84502140256831
0.6,4.72,0.0,3.72,2.24,11.28
0.6,4.72,0.0,3.72,2.24,11.28
0.0,2.32,0.0,2.0,1.2,5.5200000000000005
0.0,2.32,0.0,2.0,1.2,5.5200000000000005
0.0,0.0,0.0,0.0,0.0,0.0
0.0,0.0,0.0,0.0,0.0,0.0
0.0,0.0,0.0,0.0,0.0,0.0
0.0,0.0,0.0,0.0,0.0,0.0
0.0,0.0,0.0,0.0,0.0,0.0
0.0,0.0,0.0,0.0,0.0,0.0
0.0,0.0,0.0,0.0,0.0,0.0
0.0,0.0,0.0,0.0,0.0,0.0
0.0,0.0,0.0,0.0,0.0,0.0
0.0,0.0,0.0,0.0,0.0,0.0
0.0,0.0,0.0,0.0,0.0,0.0
0.0,0.0,0.0,0.0,0.0,0.0
0.0,0.0,0.0,0.0,0.0,0.0
0.0,0.0,0.0,0.0,0.0,0.0
0.0,0.0,0.0,0.0,0.0,0.0
0.0,0.0,0.0,0.0,0.0,0.0
0.0,0.0,0.0,0.0,0.0,0.0
0.0,0.0,0.0,0.0,0.0,0.0
0.0,0.0,0.0,0.0,0.0,0.0
0.0,0.0,0.0,0.0,0.0,0.0
0.0,0.0,0.0,0.0,0.0,0.0
0.0,0.0,0.0,0.0,0.0,0.0
0.0,0.0,0.0,0.0,0.0,0.0
0.0,0.0,0.0,0.0,0.0,0.0
0.0,0.0,0.0,0.0,0.0,0.0
0.0,0.0,0.0,0.0,0.0,0.0
0.0,0.0,0.0,0.0,0.0,0.0
0.0,0.0,0.0,0.0,0.0,0.0
0.0,0.0,0.0,0.0,0.0,0.0
0.0,0.0,0.0,0.0,0.0,0.0
0.0,0.0,0.0,0.0,0.0,0.0
0.0,0.0,0.0,0.0,0.0,0.0
0.0,0.0,0.0,0.0,0.0,0.0
0.0,0.0,0.0,0.0,0.0,0.0
0.0,0.0,0.0,0.0,0.0,0.0
0.0,0.0,0.0,0.0,0.0,0.0
0.0,0.0,0.0,0.0,0.0,0.0
0.0,0.0,0.0,0.0,0.0,0.0
0.0,0.0,0.0,0.0,0.0,0.0
0.0,0.0,0.0,0.0,0.0,0.0
0.0,0.0,0.0,0.0,0.0,0.0
0.0,0.0,0.0,0.0,0.0,0.0
0.0,0.0,0.0,0.0,0.0,0.0
0.0,0.0,0.0,0.0,0.0,0.0
0.0,0.0,0.0,0.0,0.0,0.0
0.0,0.0,0.0,0.0,0.0,0.0
0.0,0.0,0.0,0.0,0.0,0.0
0.0,0.0,0.0,0.0,0.0,0.0
0.0,0.0,0.0,0.0,0.0,0.0
0.0,0.0,0.0,0.0,0.0,0.0
0.0,0.0,0.0,0.0,0.0,0.0
0.0,0.0,0.0,0.0,0.0,0.0
0.0,0.0,0.0,0.0,0.0,0.0
0.0,0.0,0.0,0.0,0.0,0.0
0.0,0.0,0.0,0.0,0.0,0.0
0.0,0.0,0.0,0.0,0.0,0.0
0.0,0.0,0.0,0.0,0.0,0.0
0.0,0.0,0.0,0.0,0.0,0.0
0.0,0.0,0.0,0.0,0.0,0.0
0.0,0.0,0.0,0.0,0.0,0.0
0.0,0.0,0.0,0.0,0.0,0.0
0.0,0.0,0.0,0.0,0.0,0.0
0.0,0.0,0.0,0.0,0.0,0.0
0.0,0.0,0.0,0.0,0.0,0.0
0.0,0.0,0.0,0.0,0.0,0.0
0.0,0.0,0.0,0.0,0.0,0.0
0.0,0.0,0.0,0.0,0.0,0.0
0.0,0.0,0.0,0.0,0.0,0.0
0.0,0.0,0.0,0.0,0.0,0.0
0.0,0.0,0.0,0.0,0.0,0.0
0.0,0.0,0.0,0.0,0.0,0.0
0.0,0.0,0.0,0.0,0.0,0.0
0.0,0.0,0.0,0.0,0.0,0.0
0.0,0.0,0.0,0.0,0.0,0.0
0.0,0.0,0.0,0.0,0.0,0.0
0.0,0.0,0.0,0.0,0.0,0.0
0.0,0.0,0.0,0.0,0.0,0.0
0.0,0.0,0.0,0.0,0.0,0.0
0.0,0.0,0.0,0.0,0.0,0.0
0.0,0.0,0.0,0.0,0.0,0.0
0.0,0.0,0.0,0.0,0.0,0.0
0.0,0.0,0.0,0.0,0.0,0.0
0.0,0.0,0.0,0.0,0.0,0.0
0.0,0.0,0.0,0.0,0.0,0.0
0.0,0.0,0.0,0.0,0.0,0.0
0.0,0.0,0.0,0.0,0.0,0.0
0.0,0.0,0.0,0.0,0.0,0.0
0.0,0.0,0.0,0.0,0.0,0.0
0.0,0.0,0.0,0.0,0.0,0.0
0.0,0.0,0.0,0.0,0.0,0.0
0.0,0.0,0.0,0.0,0.0,0.0
0.0,0.0,0.0,0.0,0.0,0.0
0.0,0.0,0.0,0.0,0.0,0.0
0.0,0.0,0.0,0.0,0.0,0.0
0.0,0.0,0.0,0.0,0.0,0.0
0.0,0.0,0.0,0.0,0.0,0.0
0.0,0.0,0.0,0.0,0.0,0.0
0.0,0.0,0.0,0.0,0.0,0.0
0.0,0.0,0.0,0.0,0.0,0.0
0.0,0.0,0.0,0.0,0.0,0.0
0.0,0.0,0.0,0.0,0.0,0.0
0.0,0.0,0.0,0.0,0.0,0.0
0.0,0.0,0.0,0.0,0.0,0.0
0.0,0.0,0.0,0.0,0.0,0.0
0.0,0.0,0.0,0.0,0.0,0.0
0.0,0.0,0.0,0.0,0.0,0.0
0.0,0.0,0.0,0.0,0.0,0.0
0.0,0.0,0.0,0.0,0.0,0.0
0.0,0.0,0.0,0.0,0.0,0.0
0.0,0.0,0.0,0.0,0.0,0.0
0.0,0.0,0.0,0.0,0.0,0.0
0.0,0.0,0.0,0.0,0.0,0.0
0.0,0.0,0.0,0.0,0.0,0.0
0.0,0.0,0.0,0.0,0.0,0.0
0.0,0.0,0.0,0.0,0.0,0.0
0.0,0.0,0.0,0.0,0.0,0.0
0.0,0.0,0.0,0.0,0.0,0.0
0.0,0.0,0.0,0.0,0.0,0.0
0.0,0.0,0.0,0.0,0.0,0.0
0.0,0.0,0.0,0.0,0.0,0.0
0.0,0.0,0.0,0.0,0.0,0.0
0.0,0.0,0.0,0.0,0.0,0.0
0.0,0.0,0.0,0.0,0.0,0.0
0.0,0.0,0.0,0.0,0.0,0.0
0.0,0.0,0.0,0.0,0.0,0.0
0.0,0.0,0.0,0.0,0.0,0.0
0.0,0.0,0.0,0.0,0.0,0.0
0.0,0.0,0.0,0.0,0.0,0.0
0.0,0.0,0.0,0.0,0.0,0.0
0.0,0.0,0.0,0.0,0.0,0.0
0.0,0.0,0.0,0.0,0.0,0.0
0.0,0.0,0.0,0.0,0.0,0.0
0.0,0.0,0.0,0.0,0.0,0.0
0.0,0.0,0.0,0.0,0.0,0.0
0.0,0.0,0.0,0.0,0.0,0.0
0.0,0.0,0.0,0.0,0.0,0.0
0.0,0.0,0.0,0.0,0.0,0.0
0.0,0.0,0.0,0.0,0.0,0.0
0.0,0.0,0.0,0.0,0.0,0.0
0.0,0.0,0.0,0.0,0.0,0.0
0.0,0.0,0.0,0.0,0.0,0.0
0.0,0.0,0.0,0.0,0.0,0.0
0.0,0.0,0.0,0.0,0.0,0.0
0.0,0.0,0.0,0.0,0.0,0.0
0.0,0.0,0.0,0.0,0.0,0.0
0.0,0.0,0.0,0.0,0.0,0.0
0.0,0.0,0.0,0.0,0.0,0.0
0.0,0.0,0.0,0.0,0.0,0.0
0.0,0.0,0.0,0.0,0.0,0.0
0.0,0.0,0.0,0.0,0.0,0.0
0.0,0.0,0.0,0.0,0.0,0.0
0.0,0.0,0.0,0.0,0.0,0.0
0.0,0.0,0.0,0.0,0.0,0.0
0.0,0.0,0.0,0.0,0.0,0.0
0.0,0.0,0.0,0.0,0.0,0.0
0.0,0.0,0.0,0.0,0.0,0.0
0.0,0.0,0.0,0.0,0.0,0.0
0.0,0.0,0.0,0.0,0.0,0.0
0.0,0.0,0.0,0.0,0.0,0.0
0.0,0.0,0.0,0.0,0.0,0.0
0.0,0.0,0.0,0.0,0.0,0.0
0.0,0.0,0.0,0.0,0.0,0.0
0.0,0.0,0.0,0.0,0.0,0.0
0.0,0.0,0.0,0.0,0.0,0.0
0.0,0.0,0.0,0.0,0.0,0.0
0.0,0.0,0.0,0.0,0.0,0.0
0.0,0.0,0.0,0.0,0.0,0.0
0.0,0.0,0.0,0.0,0.0,0.0
0.0,0.0,0.0,0.0,0.0,0.0
0.0,0.0,0.0,0.0,0.0,0.0
0.0,0.0,0.0,0.0,0.0,0.0
0.0,0.0,0.0,0.0,0.0,0.0
0.0,0.0,0.0,0.0,0.0,0.0
0.0,0.0,0.0,0.0,0.0,0.0
0.0,0.0,0.0,0.0,0.0,0.0
0.0,0.0,0.0,0.0,0.0,0.0
0.0,0.0,0.0,0.0,0.0,0.0
0.0,0.0,0.0,0.0,0.0,0.0
0.0,0.0,0.0,0.0,0.0,0.0
0.0,0.0,0.0,0.0,0.0,0.0
0.0,0.0,0.0,0.0,0.0,0.0
0.0,0.0,0.0,0.0,0.0,0.0
0.0,0.0,0.0,0.0,0.0,0.0
0.0,0.0,0.0,0.0,0.0,0.0
0.0,0.0,0.0,0.0,0.0,0.0
0.0,0.0,0.0,0.0,0.0,0.0
0.0,0.0,0.0,0.0,0.0,0.0
0.0,0.0,0.0,0.0,0.0,0.0
0.0,0.0,0.0,0.0,0.0,0.0
0.0,0.0,0.0,0.0,0.0,0.0
0.0,0.0,0.0,0.0,0.0,0.0
0.0,0.0,0.0,0.0,0.0,0.0
0.0,0.0,0.0,0.0,0.0,0.0
0.0,0.0,0.0,0.0,0.0,0.0
0.0,0.0,0.0,0.0,0.0,0.0
0.0,0.0,0.0,0.0,0.0,0.0
0.0,0.0,0.0,0.0,0.0,0.0
0.0,0.0,0.0,0.0,0.0,0.0
0.0,0.0,0.0,0.0,0.0,0.0
0.0,0.0,0.0,0.0,0.0,0.0
0.0,0.0,0.0,0.0,0.0,0.0
0.0,0.0,0.0,0.0,0.0,0.0
0.0,0.0,0.0,0.0,0.0,0.0
0.0,0.0,0.0,0.0,0.0,0.0
0.0,0.0,0.0,0.0,0.0,0.0
0.0,0.0,0.0,0.0,0.0,0.0
0.0,0.0,0.0,0.0,0.0,0.0
0.0,0.0,0.0,0.0,0.0,0.0
0.0,0.0,0.0,0.0,0.0,0.0
0.0,0.0,0.0,0.0,0.0,0.0
0.0,0.0,0.0,0.0,0.0,0.0
0.0,0.0,0.0,0.0,0.0,0.0
0.0,0.0,0.0,0.0,0.0,0.0
0.0,0.0,0.0,0.0,0.0,0.0
0.0,0.0,0.0,0.0,0.0,0.0
0.0,0.0,0.0,0.0,0.0,0.0
0.0,0.0,0.0,0.0,0.0,0.0
0.0,0.0,0.0,0.0,0.0,0.0
0.0,0.0,0.0,0.0,0.0,0.0
0.0,0.0,0.0,0.0,0.0,0.0
0.0,0.0,0.0,0.0,0.0,0.0
0.0,0.0,0.0,0.0,0.0,0.0
0.0,0.0,0.0,0.0,0.0,0.0
0.0,0.0,0.0,0.0,0.0,0.0
0.0,0.0,0.0,0.0,0.0,0.0
0.0,0.0,0.0,0.0,0.0,0.0
0.0,0.0,0.0,0.0,0.0,0.0
0.0,0.0,0.0,0.0,0.0,0.0
0.0,0.0,0.0,0.0,0.0,0.0
0.0,0.0,0.0,0.0,0.0,0.0
0.0,0.0,0.0,0.0,0.0,0.0
0.0,0.0,0.0,0.0,0.0,0.0
0.0,0.0,0.0,0.0,0.0,0.0
0.0,0.0,0.0,0.0,0.0,0.0
0.0,0.0,0.0,0.0,0.0,0.0
0.0,0.0,0.0,0.0,0.0,0.0
0.0,0.0,0.0,0.0,0.0,0.0
0.0,0.0,0.0,0.0,0.0,0.0
0.0,0.0,0.0,0.0,0.0,0.0
0.0,0.0,0.0,0.0,0.0,0.0
0.0,0.0,0.0,0.0,0.0,0.0
0.0,0.0,0.0,0.0,0.0,0.0
0.0,0.0,0.0,0.0,0.0,0.0
0.0,0.0,0.0,0.0,0.0,0.0
0.0,0.0,0.0,0.0,0.0,0.0
0.0,0.0,0.0,0.0,0.0,0.0
0.0,0.0,0.0,0.0,0.0,0.0
0.0,0.0,0.0,0.0,0.0,0.0
0.0,0.0,0.0,0.0,0.0,0.0
0.0,0.0,0.0,0.0,0.0,0.0
0.0,0.0,0.0,0.0,0.0,0.0
0.0,0.0,0.0,0.0,0.0,0.0
0.0,0.0,0.0,0.0,0.0,0.0
0.0,0.0,0.0,0.0,0.0,0.0
0.0,0.0,0.0,0.0,0.0,0.0
0.0,0.0,0.0,0.0,0.0,0.0
0.0,0.0,0.0,0.0,0.0,0.0
0.0,0.0,0.0,0.0,0.0,0.0
0.0,0.0,0.0,0.0,0.0,0.0
0.0,0.0,0.0,0.0,0.0,0.0
0.0,0.0,0.0,0.0,0.0,0.0
0.0,0.0,0.0,0.0,0.0,0.0
0.0,0.0,0.0,0.0,0.0,0.0
0.0,0.0,0.0,0.0,0.0,0.0
0.0,0.0,0.0,0.0,0.0,0.0
0.0,0.0,0.0,0.0,0.0,0.0
0.0,0.0,0.0,0.0,0.0,0.0
0.0,0.0,0.0,0.0,0.0,0.0
0.0,0.0,0.0,0.0,0.0,0.0
0.0,0.0,0.0,0.0,0.0,0.0
0.0,2.0,4.24,0.0,0.0,6.24
0.0,2.0,4.24,0.0,0.0,6.24
0.0,9.76,14.88,0.0,0.0,24.64
0.0,9.76,14.88,0.0,0.0,24.64
0.0,9.76,14.88,0.0,0.0,24.64
0.0,17.56,25.12,0.0,0.0,42.68
0.0,17.56,25.12,0.0,0.0,42.68
0.0,26.560000000000002,35.2,0.0,0.0,61.76
0.0,26.560000000000002,35.2,0.0,0.0,61.76
0.0,34.96,44.96,0.0,0.0,79.92
0.0,34.96,44.96,0.0,0.0,79.92
0.0,34.96,44.96,0.0,0.0,79.92
0.0,41.68,50.800000000000004,0.0,0.0,92.48
0.0,41.68,50.800000000000004,0.0,0.0,92.48
0.0,42.6,49.76,0.0,0.0,92.36
0.0,42.6,49.76,0.0,0.0,92.36
0.0,42.800000000000004,49.0,0.0,0.0,91.8
0.0,42.800000000000004,49.0,0.0,0.0,91.8
0.0,42.800000000000004,49.0,0.0,0.0,91.8
0.0,42.44,48.64,0.0,0.0,91.08
0.0,42.44,48.64,0.0,0.0,91.08
0.0,42.4,48.64,0.0,0.0,91.04
0.0,42.4,48.64,0.0,0.0,91.04
0.0,42.4,48.64,0.0,0.0,91.04
0.0,41.76,47.88,0.0,0.0,89.64
0.0,41.76,47.88,0.0,0.0,89.64
0.0,41.88,47.76,0.0,0.0,89.64
0.0,41.88,47.76,0.0,0.0,89.64
0.0,42.160000000000004,47.72,0.0,0.0,89.88
0.0,42.160000000000004,47.72,0.0,0.0,89.88
0.0,42.160000000000004,47.72,0.0,0.0,89.88
0.0,42.2,47.72,0.0,0.0,89.92
0.0,42.2,47.72,0.0,0.0,89.92
0.0,42.2,47.800000000000004,0.0,0.0,90.0
0.0,42.2,47.800000000000004,0.0,0.0,90.0
0.0,42.2,47.800000000000004,0.0,0.0,90.0
0.0,43.160000000000004,48.08,0.0,0.0,91.24
0.0,43.160000000000004,48.08,0.0,0.0,91.24
0.0,42.84,48.0,0.0,0.0,90.84
0.0,42.84,48.0,0.0,0.0,90.84
0.0,43.36,47.88,0.0,0.0,91.24
0.0,43.36,47.88,0.0,0.0,91.24
0.0,43.36,47.88,0.0,0.0,91.24
0.0,43.72,47.44,0.0,0.0,91.16
0.0,43.72,47.44,0.0,0.0,91.16
0.0,44.160000000000004,46.92,0.0,0.0,91.08
0.0,44.160000000000004,46.92,0.0,0.0,91.08
0.0,44.160000000000004,46.92,0.0,0.0,91.08
0.0,43.88,46.96,0.0,0.0,90.84
0.0,43.88,46.96,0.0,0.0,90.84
0.0,44.12,46.44,0.0,0.0,90.56
0.0,44.12,46.44,0.0,0.0,90.56
0.0,43.72,46.2,0.0,0.0,89.92
0.0,43.72,46.2,0.0,0.0,89.92
0.0,43.72,46.2,0.0,0.0,89.92
0.0,43.04,45.84,0.0,0.0,88.88
0.0,43.04,45.84,0.0,0.0,88.88
0.0,42.72,45.64,0.0,0.0,88.36
0.0,42.72,45.64,0.0,0.0,88.36
0.0,42.92000000000001,45.16000000000001,0.0,0.0,88.08000000000001
0.0,42.92,45.160000000000004,0.0,0.0,88.08
0.0,42.92,45.160000000000004,0.0,0.0,88.08
0.0,42.160000000000004,45.24,0.0,0.0,87.4
0.0,42.160000000000004,45.24,0.0,0.0,87.4
0.0,42.800000000000004,45.4,0.0,0.0,88.2
0.0,42.800000000000004,45.4,0.0,0.0,88.2
0.0,42.800000000000004,45.4,0.0,0.0,88.2
0.0,43.2,45.04,0.0,0.0,88.24
0.0,43.2,45.04,0.0,0.0,88.24
0.0,42.92,44.72,0.0,0.0,87.64
0.0,42.92,44.72,0.0,0.0,87.64
0.0,42.92,44.28,0.0,0.0,87.2
0.0,42.92,44.28,0.0,0.0,87.2
0.0,42.92,44.28,0.0,0.0,87.2
0.0,43.72,44.160000000000004,0.0,0.0,87.88
0.0,43.72,44.160000000000004,0.0,0.0,87.88
0.0,43.56,43.88,0.0,0.0,87.44
0.0,43.56,43.88,0.0,0.0,87.44
0.0,43.64,44.12,0.0,0.0,87.76
0.0,43.64,44.12,0.0,0.0,87.76
0.0,43.64,44.12,0.0,0.0,87.76
0.0,44.04,44.24,0.0,0.0,88.28
0.0,44.04,44.24,0.0,0.0,88.28
0.0,43.84,44.36,0.0,0.0,88.2
0.0,43.84,44.36,0.0,0.0,88.2
0.0,43.84,44.36,0.0,0.0,88.2
0.0,43.4,44.24,0.0,0.0,87.64
0.0,43.4,44.24,0.0,0.0,87.64
0.0,42.96,43.92,0.0,0.0,86.88
0.0,42.96,43.92,0.0,0.0,86.88
0.0,42.72,44.04,0.0,0.0,86.76
0.0,42.72,44.04,0.0,0.0,86.76
0.0,42.72,44.04,0.0,0.0,86.76
0.0,42.64,44.0,0.0,0.0,86.64
0.0,42.64,44.0,0.0,0.0,86.64
0.0,42.24,43.160000000000004,0.0,0.0,85.4
0.0,42.24,43.160000000000004,0.0,0.0,85.4
0.0,42.076633869290454,42.83657307415407,0.0,0.0,84.91320694344452
0.0,42.076633869290454,42.83657307415407,0.0,0.0,84.91320694344452
0.0,42.076633869290454,42.83657307415407,0.0,0.0,84.91320694344452
0.0,42.160000000000004,42.68,0.0,0.0,84.84
0.0,42.160000000000004,42.68,0.0,0.0,84.84
0.0,42.08,41.96,0.0,0.0,84.04
0.0,42.08,41.96,0.0,0.0,84.04
0.0,42.08,41.96,0.0,0.0,84.04
0.0,42.08,41.24,0.0,0.0,83.32000000000001
0.0,42.08,41.24,0.0,0.0,83.32000000000001
0.0,42.800000000000004,42.32,0.0,0.0,85.12
0.0,42.800000000000004,42.32,0.0,0.0,85.12
0.0,43.24345947675814,42.44339547163773,0.0,0.0,85.68685494839586
0.0,43.24345947675814,42.44339547163773,0.0,0.0,85.68685494839586
0.0,43.24345947675814,42.44339547163773,0.0,0.0,85.68685494839586
0.0,43.480000000000004,42.68,0.0,0.0,86.16
0.0,43.480000000000004,42.68,0.0,0.0,86.16
0.0,43.36,43.160000000000004,0.0,0.0,86.52
0.0,43.36,43.160000000000004,0.0,0.0,86.52
0.0,43.36,43.160000000000004,0.0,0.0,86.52
0.0,43.2,43.28,0.0,0.0,86.48
0.0,43.2,43.28,0.0,0.0,86.48
0.0,42.68,42.72,0.0,0.0,85.4
0.0,42.68,42.72,0.0,0.0,85.4
0.0,42.480000000000004,42.28,0.0,0.0,84.76
0.0,42.480000000000004,42.28,0.0,0.0,84.76
0.0,42.480000000000004,42.28,0.0,0.0,84.76
0.0,41.800000000000004,42.36,0.0,0.0,84.16
0.0,41.800000000000004,42.36,0.0,0.0,84.16
0.0,42.0,41.800000000000004,0.0,0.0,83.8
0.0,42.0,41.800000000000004,0.0,0.0,83.8
0.0,42.0,41.800000000000004,0.0,0.0,83.8
0.0,42.08,42.160000000000004,0.0,0.0,84.24
0.0,42.08,42.160000000000004,0.0,0.0,84.24
0.0,41.96000000000001,41.64000000000001,0.0,0.0,83.60000000000002
0.0,41.96,41.64,0.0,0.0,83.60000000000001
0.0,41.56,41.28,0.0,0.0,82.84
0.0,41.56,41.28,0.0,0.0,82.84
0.0,41.56,41.28,0.0,0.0,82.84
0.0,41.52,40.28,0.0,0.0,81.8
0.0,41.52,40.28,0.0,0.0,81.8
0.0,42.28,40.76,0.0,0.0,83.04
0.0,42.28,40.76,0.0,0.0,83.04
0.0,33.84,33.4,0.0,0.0,67.24
0.0,33.84,33.4,0.0,0.0,67.24
0.0,33.84,33.4,0.0,0.0,67.24
0.0,25.400000000000002,25.400000000000002,0.0,0.0,50.800000000000004
0.0,25.400000000000002,25.400000000000002,0.0,0.0,50.800000000000004
0.0,17.400000000000002,17.68,0.0,0.0,35.08
0.0,17.400000000000002,17.68,0.0,0.0,35.08
