,count
0,1086
1,1205
2,1162
3,1190
4,1026
5,1348
6,1139
7,1047
8,1212
9,1086
10,1094
11,1169
12,1145
13,1244
14,1060
15,1039
16,1041
17,1005
18,1175
19,977
20,1190
21,1077
22,1056
23,1037
24,970
25,1077
26,1143
27,998
28,1184
29,1122
30,1150
31,1068
32,1160
33,1094
34,1064
35,1086
36,1233
37,1229
38,1275
39,1184
40,1173
41,1147
42,1047
43,1160
44,1009
45,1026
46,1083
47,1054
48,1259
49,1105
50,1218
51,1083
52,1034
53,1017
54,992
55,1000
56,1034
57,1113
58,1190
59,972
60,1034
61,1158
62,1122
63,1167
64,1203
65,1235
66,1115
67,1062
68,1115
69,1109
70,1107
71,1079
72,1098
73,1192
74,1030
75,1150
76,1128
77,1165
78,1077
79,1120
80,1175
81,1203
82,1090
83,1094
84,1062
85,1162
86,1105
87,1083
88,1090
89,1105
90,1220
91,1086
92,998
93,1120
94,1086
95,1175
96,1056
97,1090
98,1098
99,1147
100,1229
101,1212
102,1147
103,1124
104,1026
105,1188
106,1115
107,1084
108,1135
109,1090
110,1137
111,1165
112,1212
113,1122
114,1137
115,1218
116,1152
117,1100
118,1165
119,1090
120,1131
121,1184
122,1084
123,1203
124,1180
125,1184
126,1128
127,1290
128,1128
129,1244
130,1152
131,1167
132,1077
133,1205
134,1226
135,1098
136,1147
137,1090
138,1011
139,1115
140,1115
141,1101
142,1092
143,1147
144,1083
145,1069
146,1077
147,1017
148,1218
149,1069
150,1197
151,1137
152,1109
153,1101
154,1113
155,1386
156,1122
157,1147
158,1064
159,1122
160,1214
161,1226
162,1054
163,1218
164,1165
165,1147
166,1190
167,1002
168,1105
169,990
170,1105
171,1160
172,1007
173,1062
174,1211
175,1233
176,1199
177,1062
178,1175
179,1120
180,1105
181,1212
182,979
183,1169
184,1115
185,1092
186,1162
187,1062
188,1195
189,1165
190,1115
191,1116
192,1143
193,1252
194,1019
195,1101
196,1169
197,1162
198,1113
199,1113
200,1165
201,1397
202,1175
203,1192
204,1380
205,1122
206,1090
207,1158
208,983
209,1026
210,1075
211,1152
212,1122
213,1109
214,1083
215,1083
216,1167
217,1060
218,1273
219,1135
220,1162
221,1135
222,1077
223,1152
224,1162
225,1147
226,1303
227,1115
228,1199
229,1039
230,1049
231,1056
232,977
233,1154
234,1105
235,1005
236,1190
237,1045
238,1100
239,1015
240,1007
241,1229
242,956
243,1026
244,1079
245,1116
246,1259
247,1214
248,1177
249,1169
250,1154
251,1295
252,1211
253,1284
254,1197
255,1282
256,1197
257,1152
258,1154
259,1211
260,1190
261,1227
262,1192
263,1214
264,1182
265,1350
266,1276
267,1116
268,1145
269,1131
270,1150
271,1011
272,1064
273,1128
274,1135
275,1211
276,1175
277,1154
278,1090
279,1034
280,1169
281,1032
282,1169
283,1218
284,1276
285,1267
286,1284
287,1290
288,1280
289,1235
290,1218
291,1150
292,1203
293,1291
294,1169
295,1203
296,1233
297,1195
298,1139
299,1192
300,1173
301,1130
302,1120
303,1276
304,1188
305,1465
306,1241
307,1152
308,1162
309,1280
310,1190
311,1165
312,1273
313,1227
314,1173
315,1273
316,1147
317,1167
318,1290
319,1197
320,1314
321,1250
322,1175
323,1160
324,1154
325,1162
326,1180
327,1098
328,1248
329,1077
330,1235
331,1083
332,1135
333,1410
334,1199
335,1190
336,1265
337,1290
338,1218
339,1135
340,1180
341,1162
342,1235
343,1333
344,1131
345,1333
346,1261
347,1218
348,1352
349,1109
350,1115
351,1077
352,1105
353,1199
354,1165
355,1205
356,1248
357,1086
358,1147
359,1122
360,1303
361,1158
362,1109
363,1120
364,1145
365,1158
366,1214
367,1165
368,1180
369,1139
370,1237
371,1100
372,1077
373,1169
374,1203
375,1227
376,1335
377,1220
378,1265
379,1145
380,1335
381,1248
382,1220
383,1275
384,1258
385,1290
386,1211
387,1150
388,1303
389,1115
390,1197
391,1019
392,1069
393,1152
394,1190
395,1173
396,1047
397,1062
398,1109
399,1128
400,1252
401,1122
402,1032
403,1131
404,1154
405,1335
406,1207
407,1098
408,1265
409,1167
410,1229
411,1147
412,1092
413,1068
414,1135
415,1190
416,1116
417,1054
418,1115
419,1162
420,1173
421,1203
422,1047
423,1069
424,1047
425,1041
426,1165
427,1131
428,1075
429,1128
430,1290
431,1084
432,1154
433,1094
434,1062
435,1305
436,1015
437,1165
438,1173
439,1062
440,1090
441,1034
442,994
443,1211
444,1030
445,1120
446,1064
447,987
448,1005
449,1094
450,1122
451,1212
452,1105
453,1116
454,1124
455,1465
456,1205
457,1128
458,1169
459,1190
460,1182
461,1026
462,1030
463,1244
464,1243
465,1060
466,1041
467,1158
468,1131
469,994
470,987
471,1034
472,1098
473,1047
474,1086
475,1147
476,1143
477,1090
478,1243
479,1090
480,1079
481,941
482,1069
483,1113
484,1092
485,1060
486,1052
487,1120
488,1192
489,1165
490,1173
491,990
492,1060
493,1069
494,1147
495,1005
496,932
497,908
498,1019
499,926
500,1015
501,1041
502,945
503,1128
504,1009
505,1100
506,1077
507,925
508,1039
509,1139
510,1034
511,911
512,970
513,1037
514,1034
515,1032
516,956
517,1039
518,1015
519,1107
520,1026
521,894
522,842
523,994
524,975
525,1195
526,932
527,900
528,1084
529,1062
530,1019
531,975
532,975
533,926
534,1094
535,1024
536,987
537,919
538,975
539,1026
540,977
541,977
542,964
543,1060
544,1086
545,985
546,930
547,994
548,934
549,990
550,964
551,1218
552,821
553,1086
554,1056
555,956
556,874
557,945
558,1152
559,1000
560,1009
561,1090
562,975
563,1100
564,870
565,1062
566,923
567,949
568,1069
569,1037
570,1077
571,1009
572,962
573,962
574,941
575,908
576,1041
577,817
578,979
579,962
580,953
581,926
582,893
583,1017
584,960
585,1049
586,1005
587,964
588,945
589,864
590,1009
591,949
592,1039
593,1005
594,956
595,1009
596,949
597,1005
598,1034
599,894
600,1000
601,1060
602,1009
603,909
604,953
605,1218
606,940
607,926
608,962
609,1034
610,1000
611,926
612,900
613,970
614,925
615,968
616,964
617,940
618,908
619,849
620,934
621,896
622,894
623,825
624,857
625,908
626,932
627,879
628,1030
629,896
630,1034
631,877
632,972
633,934
634,810
635,1007
636,962
637,1131
638,977
639,834
640,970
641,893
642,889
643,900
644,879
645,1015
646,795
647,849
648,1009
649,902
650,1022
651,909
652,887
653,864
654,885
655,1011
656,881
657,821
658,919
659,829
660,940
661,894
662,864
663,885
664,750
665,795
666,825
667,795
668,821
669,840
670,998
671,881
672,812
673,908
674,780
675,798
676,819
677,787
678,780
679,787
680,751
681,795
682,765
683,804
684,874
685,911
686,908
687,836
688,870
689,862
690,932
691,787
692,797
693,887
694,714
695,889
696,719
697,821
698,819
699,804
700,821
701,806
702,885
703,798
704,797
705,900
706,736
707,744
708,836
709,721
710,879
711,806
712,827
713,780
714,787
715,896
716,736
717,791
718,797
719,791
720,881
721,780
722,759
723,787
724,750
725,949
726,783
727,798
728,774
729,665
730,744
731,729
732,789
733,740
734,669
735,940
736,736
737,834
738,813
739,601
740,795
741,750
742,734
743,659
744,704
745,806
746,697
747,718
748,742
749,798
750,874
751,849
752,797
753,721
754,714
755,1094
756,665
757,836
758,736
759,812
760,780
761,676
762,751
763,791
764,719
765,866
766,631
767,748
768,689
769,919
770,748
771,877
772,776
773,714
774,712
775,682
776,750
777,776
778,774
779,674
780,780
781,654
782,734
783,740
784,783
785,825
786,761
787,874
788,772
789,733
790,765
791,795
792,751
793,757
794,712
795,721
796,791
797,674
798,684
799,791
800,851
801,787
802,650
803,772
804,665
805,657
806,751
807,616
808,719
809,665
810,761
811,727
812,582
813,744
814,761
815,718
816,797
817,652
818,699
819,706
820,810
821,635
822,759
823,889
824,729
825,742
826,748
827,718
828,750
829,687
830,654
831,744
832,733
833,665
834,665
835,719
836,637
837,712
838,695
839,669
840,695
841,736
842,659
843,819
844,702
845,680
846,733
847,659
848,652
849,734
850,751
851,637
852,637
853,712
854,781
855,748
856,704
857,750
858,750
859,706
860,665
861,682
862,734
863,672
864,695
865,631
866,819
867,695
868,740
869,674
870,787
871,637
872,691
873,608
874,669
875,684
876,736
877,652
878,725
879,652
880,755
881,755
882,644
883,719
884,714
885,684
886,637
887,665
888,691
889,697
890,661
891,652
892,563
893,682
894,638
895,682
896,614
897,665
898,582
899,695
900,584
901,637
902,768
903,748
904,710
905,992
906,680
907,680
908,650
909,622
910,776
911,642
912,548
913,836
914,676
915,676
916,652
917,590
918,563
919,608
920,817
921,582
922,590
923,593
924,638
925,787
926,742
927,575
928,684
929,627
930,687
931,608
932,631
933,575
934,620
935,780
936,642
937,591
938,612
939,744
940,661
941,710
942,569
943,702
944,665
945,759
946,497
947,614
948,605
949,593
950,795
951,571
952,544
953,629
954,616
955,813
956,593
957,652
958,689
959,608
960,669
961,578
962,834
963,584
964,614
965,712
966,561
967,605
968,586
969,622
970,637
971,704
972,695
973,635
974,608
975,695
976,620
977,554
978,704
979,561
980,736
981,544
982,591
983,721
984,657
985,725
986,561
987,719
988,706
989,699
990,761
991,593
992,727
993,669
994,548
995,601
996,578
997,539
998,591
999,578
1000,691
1001,765
1002,567
1003,537
1004,575
1005,635
1006,541
1007,514
1008,554
1009,661
1010,733
1011,605
1012,644
1013,637
1014,556
1015,623
1016,471
1017,614
1018,652
1019,714
1020,650
1021,554
1022,599
1023,569
1024,537
1025,684
1026,582
1027,650
1028,672
1029,567
1030,548
1031,552
1032,529
1033,586
1034,667
1035,712
1036,637
1037,699
1038,665
1039,593
1040,623
1041,529
1042,629
1043,599
1044,552
1045,674
1046,616
1047,554
1048,537
1049,667
1050,627
1051,544
1052,556
1053,665
1054,514
1055,919
1056,627
1057,567
1058,691
1059,638
1060,622
1061,614
1062,699
1063,642
1064,622
1065,718
1066,514
1067,644
1068,578
1069,652
1070,657
1071,614
1072,657
1073,934
1074,687
1075,642
1076,629
1077,612
1078,606
1079,591
1080,654
1081,669
1082,623
1083,721
1084,559
1085,695
1086,612
1087,591
1088,742
1089,729
1090,791
1091,710
1092,575
1093,631
1094,644
1095,646
1096,642
1097,620
1098,718
1099,511
1100,612
1101,706
1102,676
1103,591
1104,539
1105,672
1106,622
1107,608
1108,665
1109,672
1110,706
1111,447
1112,650
1113,733
1114,561
1115,593
1116,616
1117,507
1118,766
1119,704
1120,582
1121,620
1122,725
1123,691
1124,829
1125,652
1126,586
1127,810
1128,797
1129,554
1130,638
1131,578
1132,556
1133,623
1134,531
1135,546
1136,578
1137,637
1138,637
1139,445
1140,575
1141,526
1142,552
1143,718
1144,497
1145,733
1146,623
1147,620
1148,684
1149,623
1150,608
1151,667
1152,541
1153,586
1154,608
1155,620
1156,511
1157,531
1158,597
1159,511
1160,561
1161,657
1162,400
1163,586
1164,507
1165,516
1166,552
1167,593
1168,612
1169,605
1170,612
1171,522
1172,597
1173,702
1174,544
1175,734
1176,486
1177,501
1178,608
1179,531
1180,511
1181,736
1182,652
1183,684
1184,622
1185,751
1186,757
1187,608
1188,657
1189,623
1190,714
1191,637
1192,511
1193,721
1194,526
1195,635
1196,642
1197,509
1198,605
1199,620
1200,684
1201,616
1202,507
1203,578
1204,531
1205,780
1206,659
1207,548
1208,567
1209,567
1210,539
1211,548
1212,586
1213,578
1214,475
1215,586
1216,631
1217,593
1218,616
1219,490
1220,552
1221,590
1222,575
1223,684
1224,537
1225,614
1226,537
1227,437
1228,605
1229,576
1230,561
1231,524
1232,505
1233,623
1234,460
1235,665
1236,727
1237,718
1238,629
1239,652
1240,657
1241,524
1242,575
1243,622
1244,687
1245,608
1246,569
1247,509
1248,569
1249,591
1250,680
1251,680
1252,635
1253,768
1254,482
1255,631
1256,606
1257,699
1258,593
1259,576
1260,669
1261,608
1262,669
1263,561
1264,552
1265,590
1266,554
1267,516
1268,605
1269,622
1270,576
1271,736
1272,695
1273,552
1274,561
1275,578
1276,601
1277,552
1278,548
1279,578
1280,791
1281,576
1282,584
1283,567
1284,497
1285,584
1286,533
1287,629
1288,614
1289,612
1290,569
1291,576
1292,452
1293,537
1294,561
1295,599
1296,552
1297,452
1298,546
1299,516
1300,593
1301,578
1302,616
1303,599
1304,499
1305,590
1306,576
1307,601
1308,614
1309,582
1310,601
1311,590
1312,601
1313,559
1314,516
1315,544
1316,599
1317,467
1318,620
1319,576
1320,657
1321,620
1322,578
1323,569
1324,554
1325,654
1326,695
1327,571
1328,652
1329,509
1330,559
1331,667
1332,571
1333,620
1334,606
1335,667
1336,608
1337,669
1338,627
1339,590
1340,646
1341,729
1342,629
1343,652
1344,582
1345,674
1346,706
1347,541
1348,757
1349,614
1350,593
1351,757
1352,559
1353,740
1354,680
1355,1037
1356,638
1357,599
1358,669
1359,622
1360,627
1361,719
1362,637
1363,721
1364,590
1365,622
1366,695
1367,659
1368,669
1369,706
1370,680
1371,774
1372,650
1373,697
1374,644
1375,665
1376,733
1377,637
1378,669
1379,710
1380,606
1381,787
1382,608
1383,669
1384,744
1385,687
1386,638
1387,620
1388,563
1389,601
1390,638
1391,659
1392,567
1393,650
1394,582
1395,590
1396,736
1397,834
1398,725
1399,616
1400,597
1401,608
1402,578
1403,695
1404,644
1405,644
1406,750
1407,614
1408,652
1409,631
1410,567
1411,691
1412,597
1413,714
1414,661
1415,672
1416,774
1417,608
1418,827
1419,642
1420,725
1421,650
1422,734
1423,719
1424,787
1425,689
1426,635
1427,599
1428,783
1429,695
1430,704
1431,684
1432,582
1433,682
1434,637
1435,687
1436,665
1437,644
1438,729
1439,706
1440,812
1441,682
1442,797
1443,748
1444,721
1445,669
1446,813
1447,680
1448,712
1449,772
1450,712
1451,704
1452,718
1453,765
1454,704
1455,721
1456,652
1457,680
1458,761
1459,751
1460,776
1461,855
1462,825
1463,765
1464,757
1465,712
1466,582
1467,674
1468,783
1469,765
1470,687
1471,642
1472,593
1473,795
1474,695
1475,680
1476,727
1477,644
1478,768
1479,748
1480,652
1481,652
1482,680
1483,812
1484,710
1485,750
1486,765
1487,761
1488,702
1489,748
1490,727
1491,755
1492,768
1493,795
1494,736
1495,614
1496,608
1497,608
1498,593
1499,859
1500,768
1501,702
1502,797
1503,797
1504,714
1505,1145
1506,798
1507,766
1508,687
1509,949
1510,750
1511,706
1512,721
1513,840
1514,783
1515,755
1516,851
1517,712
1518,765
1519,750
1520,736
1521,706
1522,727
1523,736
1524,721
1525,780
1526,795
1527,699
1528,765
1529,736
1530,593
1531,684
1532,736
1533,791
1534,774
1535,736
1536,744
1537,697
1538,742
1539,768
1540,774
1541,714
1542,748
1543,774
1544,772
1545,755
1546,742
1547,734
1548,780
1549,695
1550,757
1551,812
1552,721
1553,695
1554,691
1555,714
1556,622
1557,665
1558,768
1559,704
1560,802
1561,768
1562,704
1563,759
1564,706
1565,733
1566,695
1567,750
1568,834
1569,712
1570,736
1571,740
1572,840
1573,704
1574,780
1575,780
1576,781
1577,744
1578,774
1579,712
1580,704
1581,699
1582,691
1583,885
1584,806
1585,783
1586,691
1587,759
1588,780
1589,710
1590,684
1591,759
1592,704
1593,727
1594,736
1595,710
1596,682
1597,740
1598,682
1599,706
1600,766
1601,795
1602,684
1603,768
1604,729
1605,721
1606,757
1607,687
1608,657
1609,714
1610,665
1611,684
1612,765
1613,706
1614,665
1615,706
1616,795
1617,702
1618,665
1619,719
1620,676
1621,725
1622,674
1623,757
1624,704
1625,650
1626,795
1627,695
1628,757
1629,637
1630,676
1631,727
1632,721
1633,776
1634,665
1635,706
1636,748
1637,806
1638,798
1639,750
1640,650
1641,736
1642,704
1643,819
1644,680
1645,687
1646,620
1647,725
1648,721
1649,695
1650,623
1651,817
1652,697
1653,646
1654,680
1655,857
1656,644
1657,718
1658,612
1659,706
1660,687
1661,684
1662,795
1663,719
1664,733
1665,593
1666,697
1667,729
1668,810
1669,606
1670,644
1671,665
1672,768
1673,721
1674,629
1675,834
1676,896
1677,781
1678,819
1679,736
1680,718
1681,755
1682,691
1683,802
1684,827
1685,806
1686,761
1687,674
1688,702
1689,765
1690,748
1691,849
1692,864
1693,740
1694,797
1695,695
1696,761
1697,761
1698,834
1699,774
1700,804
1701,680
1702,680
1703,783
1704,712
1705,736
1706,714
1707,759
1708,757
1709,644
1710,776
1711,623
1712,729
1713,819
1714,813
1715,742
1716,755
1717,806
1718,765
1719,791
1720,821
1721,791
1722,829
1723,821
1724,736
1725,759
1726,893
1727,819
1728,819
1729,727
1730,748
1731,849
1732,812
1733,827
1734,765
1735,806
1736,941
1737,774
1738,896
1739,776
1740,740
1741,864
1742,821
1743,896
1744,847
1745,864
1746,834
1747,813
1748,955
1749,908
1750,919
1751,787
1752,862
1753,930
1754,766
1755,870
1756,847
1757,870
1758,909
1759,729
1760,874
1761,887
1762,791
1763,859
1764,893
1765,949
1766,810
1767,864
1768,956
1769,879
1770,877
1771,987
1772,902
1773,934
1774,874
1775,919
1776,908
1777,877
1778,955
1779,832
1780,877
1781,851
1782,904
1783,1019
1784,919
1785,902
1786,821
1787,864
1788,877
1789,872
1790,844
1791,917
1792,977
1793,975
1794,896
1795,964
1796,941
1797,894
1798,885
1799,849
1800,919
1801,949
1802,872
1803,964
1804,821
1805,1135
1806,926
1807,904
1808,855
1809,934
1810,955
1811,1024
1812,877
1813,925
1814,877
1815,896
1816,866
1817,849
1818,887
1819,787
1820,1024
1821,909
1822,849
1823,900
1824,908
1825,1192
1826,1069
1827,877
1828,953
1829,934
1830,1022
1831,917
1832,900
1833,1045
1834,949
1835,1167
1836,851
1837,925
1838,949
1839,1069
1840,1184
1841,994
1842,1026
1843,932
1844,1071
1845,1049
1846,930
1847,889
1848,998
1849,1000
1850,949
1851,917
1852,941
1853,964
1854,932
1855,1131
1856,975
1857,893
1858,1005
1859,968
1860,1207
1861,977
1862,962
1863,992
1864,1030
1865,1177
1866,1030
1867,1075
1868,1002
1869,972
1870,1135
1871,1137
1872,949
1873,894
1874,911
1875,1244
1876,1197
1877,1037
1878,968
1879,1064
1880,1211
1881,998
1882,1090
1883,1017
1884,1045
1885,1218
1886,968
1887,975
1888,1115
1889,1045
1890,1158
1891,1032
1892,940
1893,992
1894,1054
1895,1214
1896,992
1897,1005
1898,1075
1899,998
1900,1233
1901,1019
1902,932
1903,934
1904,1017
1905,1212
1906,1000
1907,1034
1908,1086
1909,1101
1910,1248
1911,1060
1912,1032
1913,1143
1914,1047
1915,1290
1916,949
1917,1090
1918,1047
1919,1022
1920,1220
1921,1120
1922,940
1923,1030
1924,1045
1925,1265
1926,1019
1927,1005
1928,1094
1929,1062
1930,1175
1931,1075
1932,1068
1933,1109
1934,1009
1935,1297
1936,1009
1937,1068
1938,1064
1939,1098
1940,1288
1941,1147
1942,1024
1943,1105
1944,1022
1945,1275
1946,1147
1947,998
1948,1124
1949,1062
1950,1162
1951,1162
1952,1079
1953,1124
1954,1094
1955,1545
1956,1092
1957,987
1958,992
1959,1145
1960,1310
1961,1105
1962,1045
1963,1109
1964,1034
1965,1288
1966,1105
1967,1147
1968,1152
1969,1115
1970,1259
1971,1077
1972,992
1973,1069
1974,1075
1975,1310
1976,1109
1977,1019
1978,1162
1979,1017
1980,1337
1981,1047
1982,1056
1983,1147
1984,1169
1985,1280
1986,1124
1987,1026
1988,1090
1989,1069
1990,1288
1991,1115
1992,1222
1993,1190
1994,1177
1995,1355
1996,1229
1997,1079
1998,1092
1999,1077
2000,1312
2001,1109
2002,1107
2003,1284
2004,1195
2005,1241
2006,1195
2007,1075
2008,1190
2009,1227
2010,1207
2011,1188
2012,1258
2013,1205
2014,1175
2015,1370
2016,1130
2017,1162
2018,1229
2019,1162
2020,1203
2021,1056
2022,1282
2023,1207
2024,1098
2025,1410
2026,1248
2027,1256
2028,1241
2029,1205
2030,1314
2031,1222
2032,1273
2033,1135
2034,1205
2035,1401
2036,1173
2037,1267
2038,1218
2039,1177
2040,1267
2041,1243
2042,1265
2043,1182
2044,1162
2045,1365
2046,1214
2047,1284
2048,1318
2049,1226
2050,1357
2051,1267
2052,1192
2053,1337
2054,1235
2055,1355
2056,1258
2057,1203
2058,1408
2059,1259
2060,1282
2061,1205
2062,1233
2063,1312
2064,1327
2065,1472
2066,1182
2067,1222
2068,1404
2069,1237
2070,1480
2071,1299
2072,1374
2073,1402
2074,1258
2075,1555
2076,1337
2077,1276
2078,1515
2079,1337
2080,1337
2081,1310
2082,1365
2083,1380
2084,1374
2085,1540
2086,1250
2087,1273
2088,1450
2089,1372
2090,1425
2091,1359
2092,1355
2093,1387
2094,1218
2095,1431
2096,1229
2097,1177
2098,1303
2099,1305
2100,1446
2101,1306
2102,1305
2103,1337
2104,1280
2105,1784
2106,1218
2107,1269
2108,1370
2109,1280
2110,1487
2111,1256
2112,1372
2113,1374
2114,1359
2115,1442
2116,1303
2117,1291
2118,1284
2119,1380
2120,1450
2121,1203
2122,1276
2123,1357
2124,1419
2125,1453
2126,1434
2127,1259
2128,1510
2129,1329
2130,1538
2131,1359
2132,1284
2133,1312
2134,1303
2135,1557
2136,1303
2137,1303
2138,1333
2139,1387
2140,1500
2141,1340
2142,1248
2143,1408
2144,1299
2145,1549
2146,1412
2147,1306
2148,1387
2149,1370
2150,1530
2151,1419
2152,1387
2153,1291
2154,1418
2155,1557
2156,1418
2157,1386
2158,1367
2159,1303
2160,1508
2161,1455
2162,1374
2163,1495
2164,1401
2165,1666
2166,1367
2167,1359
2168,1440
2169,1423
2170,1545
2171,1478
2172,1410
2173,1453
2174,1367
2175,1453
2176,1446
2177,1450
2178,1410
2179,1380
2180,1487
2181,1275
2182,1382
2183,1453
2184,1342
2185,1630
2186,1402
2187,1412
2188,1344
2189,1357
2190,1453
2191,1402
2192,1393
2193,1370
2194,1237
2195,1570
2196,1446
2197,1418
2198,1374
2199,1387
2200,1557
2201,1468
2202,1498
2203,1418
2204,1370
2205,1585
2206,1480
2207,1431
2208,1416
2209,1478
2210,1655
2211,1440
2212,1416
2213,1487
2214,1387
2215,1515
2216,1570
2217,1387
2218,1463
2219,1402
2220,1468
2221,1540
2222,1395
2223,1515
2224,1427
2225,1621
2226,1530
2227,1418
2228,1446
2229,1404
2230,1527
2231,1542
2232,1378
2233,1502
2234,1280
2235,1645
2236,1572
2237,1487
2238,1487
2239,1318
2240,1555
2241,1555
2242,1431
2243,1357
2244,1423
2245,1583
2246,1540
2247,1502
2248,1440
2249,1387
2250,1628
2251,1401
2252,1461
2253,1431
2254,1359
2255,1800
2256,1431
2257,1389
2258,1367
2259,1419
2260,1487
2261,1340
2262,1427
2263,1389
2264,1359
2265,1562
2266,1498
2267,1446
2268,1431
2269,1487
2270,1510
2271,1357
2272,1367
2273,1427
2274,1370
2275,1530
2276,1290
2277,1446
2278,1438
2279,1374
2280,1434
2281,1525
2282,1378
2283,1416
2284,1370
2285,1470
2286,1393
2287,1498
2288,1600
2289,1431
2290,1547
2291,1446
2292,1402
2293,1419
2294,1438
2295,1557
2296,1502
2297,1476
2298,1613
2299,1418
2300,1527
2301,1425
2302,1431
2303,1440
2304,1455
2305,1517
2306,1530
2307,1365
2308,1555
2309,1549
2310,1613
2311,1416
2312,1352
2313,1440
2314,1448
2315,1465
2316,1335
2317,1340
2318,1517
2319,1463
2320,1562
2321,1446
2322,1359
2323,1545
2324,1446
2325,1600
2326,1440
2327,1425
2328,1557
2329,1401
2330,1506
2331,1402
2332,1431
2333,1370
2334,1337
2335,1562
2336,1363
2337,1397
2338,1395
2339,1470
2340,1591
2341,1442
2342,1450
2343,1423
2344,1483
2345,1502
2346,1446
2347,1322
2348,1515
2349,1557
2350,1478
2351,1446
2352,1378
2353,1438
2354,1419
2355,1577
2356,1453
2357,1480
2358,1438
2359,1508
2360,1598
2361,1386
2362,1416
2363,1530
2364,1534
2365,1572
2366,1438
2367,1427
2368,1440
2369,1472
2370,1602
2371,1453
2372,1465
2373,1472
2374,1427
2375,1564
2376,1457
2377,1423
2378,1457
2379,1434
2380,1570
2381,1587
2382,1389
2383,1515
2384,1557
2385,1579
2386,1508
2387,1495
2388,1515
2389,1418
2390,1572
2391,1476
2392,1461
2393,1487
2394,1530
2395,1593
2396,1515
2397,1534
2398,1418
2399,1446
2400,1553
2401,1615
2402,1472
2403,1510
2404,1468
2405,1783
2406,1448
2407,1397
2408,1378
2409,1431
2410,1495
2411,1410
2412,1387
2413,1440
2414,1412
2415,1410
2416,1416
2417,1372
2418,1382
2419,1446
2420,1433
2421,1374
2422,1397
2423,1557
2424,1465
2425,1495
2426,1402
2427,1370
2428,1431
2429,1472
2430,1502
2431,1314
2432,1434
2433,1453
2434,1438
2435,1476
2436,1493
2437,1393
2438,1523
2439,1453
2440,1562
2441,1423
2442,1335
2443,1562
2444,1401
2445,1591
2446,1510
2447,1483
2448,1450
2449,1478
2450,1553
2451,1512
2452,1512
2453,1378
2454,1450
2455,1519
2456,1461
2457,1572
2458,1557
2459,1410
2460,1707
2461,1419
2462,1419
2463,1461
2464,1538
2465,1585
2466,1557
2467,1446
2468,1500
2469,1493
2470,1547
2471,1506
2472,1498
2473,1540
2474,1572
2475,1555
2476,1418
2477,1438
2478,1502
2479,1461
2480,1561
2481,1493
2482,1500
2483,1493
2484,1433
2485,1555
2486,1450
2487,1455
2488,1465
2489,1389
2490,1493
2491,1433
2492,1455
2493,1487
2494,1555
2495,1495
2496,1465
2497,1402
2498,1515
2499,1476
2500,1570
2501,1530
2502,1387
2503,1545
2504,1476
2505,1553
2506,1542
2507,1463
2508,1427
2509,1495
2510,1651
2511,1572
2512,1463
2513,1433
2514,1450
2515,1465
2516,1472
2517,1418
2518,1523
2519,1455
2520,1491
2521,1570
2522,1461
2523,1576
2524,1472
2525,1545
2526,1576
2527,1433
2528,1468
2529,1502
2530,1508
2531,1423
2532,1408
2533,1523
2534,1352
2535,1461
2536,1457
2537,1545
2538,1472
2539,1423
2540,1506
2541,1461
2542,1562
2543,1478
2544,1446
2545,1577
2546,1440
2547,1425
2548,1512
2549,1442
2550,1440
2551,1517
2552,1431
2553,1502
2554,1527
2555,1673
2556,1476
2557,1340
2558,1397
2559,1472
2560,1510
2561,1434
2562,1320
2563,1423
2564,1372
2565,1350
2566,1387
2567,1355
2568,1480
2569,1410
2570,1457
2571,1352
2572,1419
2573,1446
2574,1448
2575,1653
2576,1506
2577,1438
2578,1651
2579,1367
2580,1431
2581,1378
2582,1485
2583,1506
2584,1461
2585,1450
2586,1363
2587,1367
2588,1448
2589,1517
2590,1491
2591,1418
2592,1395
2593,1502
2594,1367
2595,1418
2596,1457
2597,1419
2598,1470
2599,1523
2600,1483
2601,1416
2602,1418
2603,1493
2604,1470
2605,1438
2606,1472
2607,1433
2608,1425
2609,1508
2610,1453
2611,1593
2612,1465
2613,1425
2614,1363
2615,1570
2616,1344
2617,1348
2618,1333
2619,1416
2620,1555
2621,1461
2622,1404
2623,1472
2624,1545
2625,1564
2626,1476
2627,1290
2628,1344
2629,1461
2630,1498
2631,1442
2632,1418
2633,1402
2634,1333
2635,1357
2636,1412
2637,1352
2638,1438
2639,1380
2640,1555
2641,1410
2642,1427
2643,1350
2644,1370
2645,1606
2646,1527
2647,1333
2648,1401
2649,1480
2650,1487
2651,1446
2652,1472
2653,1372
2654,1461
2655,1515
2656,1427
2657,1418
2658,1418
2659,1461
2660,1534
2661,1423
2662,1340
2663,1427
2664,1350
2665,1472
2666,1455
2667,1412
2668,1431
2669,1431
2670,1442
2671,1493
2672,1442
2673,1493
2674,1585
2675,1572
2676,1609
2677,1416
2678,1480
2679,1448
2680,1455
2681,1587
2682,1402
2683,1382
2684,1508
2685,1440
2686,1438
2687,1337
2688,1297
2689,1448
2690,1431
2691,1372
2692,1434
2693,1386
2694,1380
2695,1402
2696,1438
2697,1393
2698,1387
2699,1318
2700,1480
2701,1363
2702,1306
2703,1418
2704,1387
2705,1480
2706,1461
2707,1431
2708,1431
2709,1382
2710,1438
2711,1450
2712,1487
2713,1378
2714,1401
2715,1470
2716,1318
2717,1438
2718,1397
2719,1412
2720,1502
2721,1491
2722,1404
2723,1502
2724,1508
2725,1374
2726,1401
2727,1423
2728,1402
2729,1446
2730,1564
2731,1355
2732,1412
2733,1352
2734,1352
2735,1453
2736,1329
2737,1320
2738,1547
2739,1389
2740,1387
2741,1401
2742,1427
2743,1418
2744,1372
2745,1340
2746,1434
2747,1310
2748,1310
2749,1312
2750,1450
2751,1404
2752,1333
2753,1440
2754,1348
2755,1461
2756,1404
2757,1344
2758,1335
2759,1419
2760,1325
2761,1425
2762,1297
2763,1386
2764,1350
2765,1463
2766,1500
2767,1333
2768,1335
2769,1450
2770,1427
2771,1438
2772,1372
2773,1387
2774,1374
2775,1412
2776,1380
2777,1404
2778,1337
2779,1440
2780,1434
2781,1393
2782,1374
2783,1433
2784,1431
2785,1442
2786,1468
2787,1401
2788,1455
2789,1416
2790,1468
2791,1491
2792,1395
2793,1333
2794,1387
2795,1412
2796,1389
2797,1327
2798,1337
2799,1333
2800,1485
2801,1506
2802,1408
2803,1463
2804,1442
2805,1480
2806,1352
2807,1374
2808,1401
2809,1468
2810,1472
2811,1446
2812,1333
2813,1433
2814,1365
2815,1446
2816,1395
2817,1374
2818,1401
2819,1337
2820,1455
2821,1461
2822,1322
2823,1342
2824,1290
2825,1431
2826,1408
2827,1387
2828,1412
2829,1322
2830,1450
2831,1374
2832,1318
2833,1408
2834,1419
2835,1389
2836,1337
2837,1412
2838,1461
2839,1374
2840,1402
2841,1359
2842,1333
2843,1335
2844,1410
2845,1370
2846,1367
2847,1370
2848,1418
2849,1340
2850,1380
2851,1423
2852,1393
2853,1297
2854,1363
2855,1434
2856,1233
2857,1365
2858,1412
2859,1357
2860,1312
2861,1303
2862,1380
2863,1395
2864,1348
2865,1404
2866,1275
2867,1342
2868,1355
2869,1380
2870,1333
2871,1303
2872,1337
2873,1393
2874,1393
2875,1491
2876,1472
2877,1378
2878,1434
2879,1359
2880,1325
2881,1397
2882,1380
2883,1387
2884,1431
2885,1476
2886,1493
2887,1386
2888,1402
2889,1446
2890,1333
2891,1389
2892,1389
2893,1397
2894,1359
2895,1393
2896,1337
2897,1416
2898,1463
2899,1395
2900,1393
2901,1374
2902,1418
2903,1423
2904,1446
2905,1434
2906,1442
2907,1374
2908,1425
2909,1545
2910,1416
2911,1327
2912,1461
2913,1374
2914,1530
2915,1502
2916,1320
2917,1487
2918,1519
2919,1478
2920,1515
2921,1337
2922,1284
2923,1418
2924,1506
2925,1527
2926,1485
2927,1527
2928,1397
2929,1468
2930,1530
2931,1431
2932,1461
2933,1374
2934,1472
2935,1433
2936,1365
2937,1348
2938,1483
2939,1359
2940,1470
2941,1461
2942,1448
2943,1502
2944,1453
2945,1344
2946,1465
2947,1470
2948,1425
2949,1404
2950,1446
2951,1500
2952,1564
2953,1455
2954,1450
2955,1418
2956,1498
2957,1318
2958,1431
2959,1446
2960,1576
2961,1468
2962,1472
2963,1506
2964,1431
2965,1515
2966,1412
2967,1423
2968,1470
2969,1570
2970,1632
2971,1442
2972,1463
2973,1530
2974,1416
2975,1653
2976,1545
2977,1525
2978,1448
2979,1542
2980,1416
2981,1487
2982,1491
2983,1502
2984,1508
2985,1487
2986,1472
2987,1515
2988,1502
2989,1355
2990,1530
2991,1476
2992,1476
2993,1463
2994,1472
2995,1468
2996,1463
2997,1453
2998,1472
2999,1412
3000,1527
3001,1572
3002,1510
3003,1534
3004,1295
3005,1555
3006,1401
3007,1463
3008,1463
3009,1519
3010,1410
3011,1525
3012,1418
3013,1453
3014,1434
3015,1525
3016,1418
3017,1380
3018,1438
3019,1374
3020,1579
3021,1487
3022,1463
3023,1487
3024,1525
3025,1557
3026,1562
3027,1404
3028,1568
3029,1493
3030,1572
3031,1478
3032,1419
3033,1401
3034,1423
3035,1623
3036,1538
3037,1519
3038,1500
3039,1418
3040,1434
3041,1487
3042,1393
3043,1638
3044,1453
3045,1585
3046,1461
3047,1515
3048,1472
3049,1340
3050,1579
3051,1442
3052,1427
3053,1408
3054,1372
3055,1587
3056,1438
3057,1395
3058,1431
3059,1333
3060,1480
3061,1374
3062,1476
3063,1446
3064,1389
3065,1446
3066,1273
3067,1412
3068,1291
3069,1440
3070,1495
3071,1327
3072,1416
3073,1470
3074,1386
3075,1512
3076,1545
3077,1434
3078,1374
3079,1431
3080,1480
3081,1370
3082,1365
3083,1318
3084,1299
3085,1410
3086,1389
3087,1402
3088,1446
3089,1440
3090,1374
3091,1393
3092,1335
3093,1402
3094,1470
3095,1305
3096,1314
3097,1372
3098,1310
3099,1273
3100,1427
3101,1519
3102,1461
3103,1359
3104,1382
3105,1502
3106,1402
3107,1350
3108,1357
3109,1365
3110,1367
3111,1348
3112,1275
3113,1214
3114,1303
3115,1303
3116,1395
3117,1333
3118,1350
3119,1433
3120,1402
3121,1423
3122,1248
3123,1412
3124,1389
3125,1491
3126,1461
3127,1382
3128,1359
3129,1333
3130,1472
3131,1393
3132,1333
3133,1502
3134,1387
3135,1418
3136,1423
3137,1393
3138,1395
3139,1365
3140,1387
3141,1457
3142,1372
3143,1305
3144,1305
3145,1472
3146,1352
3147,1427
3148,1487
3149,1380
3150,1431
3151,1318
3152,1299
3153,1333
3154,1233
3155,1402
3156,1397
3157,1344
3158,1359
3159,1318
3160,1427
3161,1333
3162,1295
3163,1446
3164,1265
3165,1344
3166,1374
3167,1233
3168,1258
3169,1344
3170,1427
3171,1233
3172,1261
3173,1243
3174,1237
3175,1306
3176,1374
3177,1226
3178,1284
3179,1310
3180,1372
3181,1340
3182,1318
3183,1333
3184,1359
3185,1386
3186,1290
3187,1295
3188,1273
3189,1226
3190,1322
3191,1318
3192,1344
3193,1325
3194,1318
3195,1393
3196,1248
3197,1333
3198,1352
3199,1322
3200,1387
3201,1333
3202,1269
3203,1275
3204,1387
3205,1259
3206,1276
3207,1214
3208,1348
3209,1305
3210,1419
3211,1244
3212,1218
3213,1305
3214,1227
3215,1284
3216,1214
3217,1252
3218,1303
3219,1190
3220,1465
3221,1175
3222,1259
3223,1303
3224,1130
3225,1259
3226,1265
3227,1197
3228,1389
3229,1350
3230,1342
3231,1158
3232,1303
3233,1389
3234,1218
3235,1402
3236,1314
3237,1275
3238,1303
3239,1175
3240,1335
3241,1244
3242,1205
3243,1258
3244,1290
3245,1291
3246,1303
3247,1288
3248,1244
3249,1165
3250,1312
3251,1248
3252,1071
3253,1162
3254,1233
3255,1169
3256,1190
3257,1162
3258,1329
3259,1261
3260,1243
3261,1250
3262,1235
3263,1158
3264,1167
3265,1322
3266,1169
3267,1184
3268,1090
3269,1162
3270,1276
3271,1188
3272,1327
3273,1169
3274,1237
3275,1237
3276,1280
3277,1135
3278,1205
3279,1169
3280,1203
3281,1226
3282,1205
3283,1252
3284,1169
3285,1248
3286,1241
3287,1303
3288,1139
3289,1105
3290,1235
3291,1195
3292,1211
3293,1107
3294,1233
3295,1152
3296,1062
3297,1139
3298,1211
3299,1190
3300,1205
3301,1276
3302,1195
3303,1047
3304,1190
3305,1226
3306,1165
3307,1083
3308,1135
3309,1098
3310,1203
3311,1100
3312,1077
3313,1077
3314,1047
3315,1241
3316,1077
3317,1062
3318,1079
3319,1130
3320,1152
3321,1054
3322,1177
3323,1086
3324,1150
3325,1147
3326,1180
3327,1139
3328,1190
3329,1203
3330,992
3331,1068
3332,1197
3333,1147
3334,1120
3335,1137
3336,1169
3337,1227
3338,1116
3339,1130
3340,1188
3341,1147
3342,1064
3343,1054
3344,1101
3345,1124
3346,1218
3347,1030
3348,1190
3349,1120
3350,1192
3351,1047
3352,1120
3353,1199
3354,1120
3355,1188
3356,1047
3357,1015
3358,1109
3359,1190
3360,1098
3361,1030
3362,1120
3363,1069
3364,1184
3365,1062
3366,1052
3367,990
3368,1145
3369,1244
3370,1098
3371,1116
3372,1173
3373,1214
3374,1009
3375,1069
3376,1077
3377,1068
3378,1167
3379,992
3380,1056
3381,1041
3382,1015
3383,1143
3384,1094
3385,1011
3386,1115
3387,1017
3388,1222
3389,1026
3390,1064
3391,1177
3392,1150
3393,1047
3394,1009
3395,1086
3396,1024
3397,992
3398,1090
3399,1045
3400,1188
3401,1175
3402,1086
3403,1154
3404,1077
3405,1047
3406,1000
3407,998
3408,1105
3409,1090
3410,1105
3411,1002
3412,1019
3413,1071
3414,1022
3415,1047
3416,1005
3417,917
3418,1109
3419,1015
3420,1034
3421,1000
3422,1037
3423,1034
3424,1105
3425,994
3426,979
3427,992
3428,1045
3429,960
3430,1115
3431,1005
3432,992
3433,994
3434,864
3435,1039
3436,1150
3437,1011
3438,998
3439,990
3440,1002
3441,955
3442,979
3443,1019
3444,977
3445,1077
3446,923
3447,857
3448,1022
3449,953
3450,1188
3451,994
3452,926
3453,1128
3454,975
3455,1105
3456,1005
3457,977
3458,1068
3459,975
3460,1039
3461,1154
3462,1034
3463,992
3464,1024
3465,1079
3466,1015
3467,930
3468,992
3469,938
3470,1062
3471,1124
3472,968
3473,1122
3474,893
3475,1011
3476,970
3477,962
3478,1090
3479,1120
3480,994
3481,987
3482,1017
3483,1077
3484,1075
3485,992
3486,990
3487,1005
3488,1032
3489,1000
3490,1062
3491,909
3492,992
3493,900
3494,900
3495,1064
3496,851
3497,893
3498,1039
3499,1034
3500,1005
3501,953
3502,893
3503,1024
3504,1022
3505,926
3506,940
3507,994
3508,1071
3509,909
3510,938
3511,909
3512,994
3513,1094
3514,1002
3515,934
3516,1000
3517,1026
3518,1056
3519,1005
3520,990
3521,992
3522,1002
3523,979
3524,908
3525,1022
3526,970
3527,1056
3528,998
3529,962
3530,1071
3531,1094
3532,1005
3533,889
3534,1009
3535,1122
3536,972
3537,1045
3538,1049
3539,894
3540,992
3541,930
3542,964
3543,1002
3544,985
3545,953
3546,919
3547,953
3548,908
3549,877
3550,972
3551,902
3552,926
3553,1064
3554,932
3555,964
3556,949
3557,1032
3558,953
3559,977
3560,1071
3561,947
3562,1188
3563,917
3564,938
3565,806
3566,857
3567,945
3568,941
3569,813
3570,909
3571,977
3572,985
3573,834
3574,866
3575,985
3576,992
3577,908
3578,806
3579,900
3580,1002
3581,874
3582,877
3583,953
3584,893
3585,919
3586,925
3587,1060
3588,932
3589,1037
3590,908
3591,908
3592,859
3593,902
3594,832
3595,836
3596,949
3597,896
3598,917
3599,902
