/ && GET,/cart && GET,/cart/checkout && POST,/product/{id} && GET,/setCurrency && POST,avg,Unnamed: 6
981.9080171946392,407.65306122448976,433.108108108108,426.12456747404826,0.4534005037783375,746.2933753943221,
981.7358892438764,407.65306122448976,433.108108108108,426.12456747404826,0.4534005037783375,746.2933753943221,
972.8110482947582,397.4089635854341,386.1111111111111,420.9888059701496,0.4545454545454545,734.7671665351229,
972.4304068522484,397.4089635854341,386.1111111111111,420.9888059701496,0.4545454545454545,734.7671665351229,
988.782412626832,482.23495702005744,494.5945945945949,486.22047244094495,0.4545226130653266,819.0032414910861,
988.782412626832,482.23495702005744,494.5945945945949,486.22047244094495,0.4545226130653266,819.0032414910861,
1144.4954128440384,507.6923076923084,542.3076923076931,497.108208955224,0.454639175257732,834.1171617161714,
1144.495412844038,507.6923076923084,542.3076923076916,497.108208955224,0.4546391752577319,834.1171617161714,
1100.4690519877668,513.5121985147699,559.0872879631496,497.156697402326,0.461231936890999,832.736228883676,
1350.0183414202777,611.5891830986986,630.6627873732363,593.8564841893884,0.4726562938780271,853.3948667675733,
1488.1178628923894,651.7246121222383,684.9904357392835,634.2497147343817,0.478792716694977,870.0128607917643,
1563.9744921542272,640.0905601265562,711.4901053138408,605.4956941220648,0.4831108818657785,875.1973091342343,
1438.3052955935225,623.1841835197818,665.238250441075,605.5542679018208,1.3306095049141586,860.8220322469533,
1488.6216617382838,623.5181290328329,735.3855801762548,631.4994421475024,1.9860371052253147,867.4187519540094,
1437.232541321442,604.938742076288,708.9785551564921,613.8831173167689,1.951008905401049,858.6679698843138,
973.7321329417996,406.9947526736975,503.49631027916513,410.2066048373528,1.563509396781165,597.583802824385,
957.6085739487232,401.27973372067964,562.2751789240021,407.19886620020276,1.8074439032422855,594.4973297191165,
997.9640711120906,430.9990685282739,584.7787992408064,432.76116923202204,2.029140525067279,599.0439205056879,
975.1208561719079,427.5796902558842,583.6822108690053,408.0995396694198,2.140958334786818,596.2721458832775,
935.8296651938936,424.8281402614261,557.3008118869874,407.2034181449647,2.196682878627376,591.7716853402244,
1011.9647395279715,433.94130308495784,569.8146418339807,407.3086504325359,2.38392208805533,602.4612481119079,
961.1077957048134,419.80066866825837,551.6593107743429,389.3640782387533,2.4250848906737787,592.9922377541171,
942.4059594733508,436.8978781016943,566.5487416095802,431.1593009450806,2.5377805589037625,593.7021134649871,
900.6356377683501,419.39118707111413,548.1014611137658,411.4004655903452,2.576109886525663,583.3418540688473,
927.6457487397918,419.0481624736451,560.6993460546879,427.8607266202358,2.666325789107001,582.6601315327534,
888.0823788648902,406.9306854959068,522.2820375072046,415.6776559942261,2.6899091617708595,574.3590498186034,
910.3599159395635,389.18893081963694,526.3967454913085,371.80931198847844,2.747511818711277,553.3680273656826,
884.151576770925,382.48148773351244,509.6744748384964,362.97486318819097,2.7707263429941014,547.0352423039523,
881.0706323392179,347.8987966045262,475.5788674614058,343.32142151439064,2.8499309655154583,529.6619262958293,
855.3659807483812,345.29180234395477,469.66625589514933,342.00561151000494,2.8609700458465603,540.9987143489718,
814.2721904318201,339.3289803353872,442.81474342838874,337.3645764376669,2.865843253115097,530.0168962789967,
679.1566351823834,344.37246469837567,471.9298337525893,340.5042915002027,2.9132180820545357,502.112080239534,
671.9826365728304,334.64432815967723,454.1014462166208,331.3910787806952,2.942768545286332,486.2946307135988,
668.2731116443824,323.9339387046092,447.1843052868406,312.93368150621075,2.969114058716754,464.08135240610386,
660.8684222038835,325.7650212464199,442.46826472221034,312.2759758130481,2.969675467263123,456.84106801152996,
632.7090176626625,348.14482492016435,484.02709564238137,330.6250778091651,3.0056474982676167,450.6558545933943,
627.5420820577297,361.1072909804166,507.3209097479272,336.5499883516201,3.009023375122481,452.8693079779433,
593.7408912909032,427.3096130989935,556.711606459428,383.72526593345145,3.027544583737032,462.73295846162347,
589.4738056660559,426.3776274190945,569.2902103010202,382.8631308081643,3.030326996335776,460.933390965957,
542.6950323890413,427.1994661127995,591.2451519507752,374.39218388989,3.0736714323599714,441.43102961375445,
537.1858586383975,423.7357152633353,593.0897357336374,378.99281725244265,3.0716865581102843,439.3118873855527,
529.1478757113725,427.6439119239669,587.667558069326,389.0783759438903,3.085860605463278,439.30464795342334,
451.9246457960415,325.3842731623327,493.61043110803666,307.776076167121,3.107687776481976,341.5568687214575,
455.8788229110723,342.56012815539907,508.03026301495686,322.2463319424589,3.1119493701932224,355.27947338853954,
348.11596581190287,338.91831748708626,509.1438361769981,333.6898394735382,3.1210910058840304,330.4019924389669,
338.44016540328903,335.6419193953196,501.2776068724242,335.09173496556303,3.107503047548963,327.46914236574474,
304.5396014552068,296.99552601527944,493.9596677619335,307.7945327854896,3.1008987473534564,290.428344166113,
291.0416937261739,288.33118832539725,506.0515293941647,298.5562940348034,3.100969526384912,283.12284363032376,
264.97042873638884,248.47097013437119,468.16735187345904,256.69093424340315,3.102416912701969,242.86585783635377,
239.23116603413078,237.52820356738164,461.0089966388607,247.18785619608875,3.1121146110052873,228.9617720289726,
231.44174785415294,215.84604741816267,456.33361742570594,223.40362075107973,3.0926846364530807,214.29115985271883,
225.2111033929686,231.09659281247937,444.1675882473545,229.25916034522447,3.0726882344057986,218.10756556650117,
218.6453730922842,246.45570194122521,468.9115533345828,247.3261810224927,3.077970932811007,226.42554857046613,
204.03015241231031,235.38890571564002,452.3927438423362,243.5132444121647,3.088792838717745,214.81066429187302,
174.98613679869402,220.998687722171,433.1465028928556,231.4421807176935,3.0826163054996365,193.70065202987948,
171.58156683137864,200.31378964070902,428.7498714492511,214.14714729518883,3.0869965599302533,174.2219346268042,
170.4914075847528,188.79966765852708,432.3901374444826,203.36410201223845,3.0842270034991204,172.3621628956754,
167.0524959186721,173.23548569014827,424.7107799052867,173.5211960335426,3.0823363178965693,167.64545965635565,
166.8452160588877,170.61017375705737,424.61319657649267,172.63131685625706,3.0781793957246473,166.8468397042489,
166.24662517100552,167.61000722398677,415.1772775228252,170.86284969242493,3.08180412294724,165.40872556664462,
165.82233671917373,166.8825111744652,413.00590077570183,169.2175116797225,3.0754487822636554,164.71303632640561,
165.93221957861908,168.31197017204695,412.47708787614795,170.15184405647852,3.0873803818158287,165.26750291261772,
164.96448184995324,167.5173184272682,412.3493425466006,170.62559511670963,3.099273818834439,164.56634449671702,
164.9906378191283,167.04440005035073,408.5992213945261,170.457878408102,3.0786550460412156,164.48905210059706,
166.29522708969895,168.30412472402344,414.8961417796937,173.33305227922716,3.073026919239687,166.0806457818904,
167.03184883709713,171.33441573328028,421.7883496548168,174.8608093586657,3.078211306866887,167.4340637099139,
166.18741316479847,203.48590496740735,442.3351281955968,211.39094730349035,3.064262280497837,170.96338258772795,
165.994225773314,221.66322058243088,450.7558898419106,228.8032310519498,3.056834769232102,172.91412806236545,
165.73516334569655,266.9877425931448,484.78495144724155,261.89130094384296,3.0535672461863483,196.03339708385283,
165.40621189694482,275.5335845882051,489.0862902554167,265.7148838727872,3.043485266542067,201.33281736506711,
164.16606731558352,300.40539362263746,500.06071180557416,294.5569571082124,3.039795904544951,223.32488681246994,
163.82152714991634,310.40861404189695,501.50935026882775,299.72833241553457,3.0341037603348306,228.84525553402912,
164.10792171716116,309.1305067293375,500.2556201113298,307.1138332918942,3.047426777956902,232.1132308833882,
164.2057577480577,292.07796966719263,497.8418684736723,288.8610155818669,3.0344605782610294,216.4825402163557,
164.35709473323473,275.1976210473294,479.1869135734528,276.8269909597492,3.0310327859275836,203.39300533680608,
162.99814188695083,246.24951866720252,440.86378925969376,251.35141535655742,3.050976588947167,175.85645249841747,
162.49794531144494,241.36320168964343,420.9309561149878,244.7823082370364,3.0579986275285913,173.98059581371743,
161.88185556428346,193.25662222222215,358.72930434782614,212.02777636330478,3.050811999591541,168.16005430853033,
161.32957436017386,185.89472222222355,339.4982602339178,201.36383305357825,3.0480405527470786,166.76285147931938,
160.125,170.2307692307696,322.7777777777778,173.35754189944126,3.0282758620689663,162.71823204419888,
158.41346153846152,159.7518382352942,254.7222222222223,167.2724719101121,3.0217821782178214,158.01688923802047,
155.86666666666667,143.65730337078674,196.0000000000002,154.05932203389835,3.0485714285714285,150.82674050632914,
154.28217821782172,144.77272727272742,187.49999999999997,153.7558139534885,3.0415544041450775,149.98429951690835,
153.32014388489202,148.95669291338584,189.80769230769255,156.06250000000003,3.041151832460733,150.64967105263153,
151.6240875912409,150.23505976095646,188.46153846153888,154.93037974683523,3.0377083333333346,149.70854271356788,
151.5240174672489,150.33132530120508,188.46153846153888,154.4064516129029,3.0470157068062815,149.53153910849443,
150.38091715976327,154.33070866141736,193.84615384615458,157.82450331125813,3.0388235294117636,150.16723259762307,
151.38680659670163,156.6463414634146,204.61538461538512,162.64705882352948,3.020000000000001,151.9578313253012,
152.49769230769226,167.20124481327773,232.5000000000001,169.71568627450964,3.0450000000000004,155.97451669595782,
152.0894495412844,158.3076923076923,224.80769230769212,161.7142857142855,3.0516939890710395,152.70954907161814,
151.37903080283255,149.71714505583094,189.80789940453647,153.35270455013162,3.0482853900421567,149.1711347047989,
151.42302932852616,148.9077613999742,195.0002184833565,152.0529402479607,3.0369211096748074,148.96185274934632,
151.53782148260214,148.68297872340446,199.50000000000063,152.21568627450955,3.0584615384615392,149.1916738941892,
151.4793577981652,148.38478260869582,196.00000000000063,151.3248407643313,3.06,148.97905759162302,
151.51146788990826,148.4978165938862,193.66666666666765,151.55660377358487,3.0637569060773497,149.1201044386423,
152.54166666666674,153.86304347826083,207.81250000000014,156.4230769230769,3.0675555555555563,151.55706760316073,
154.55348837209306,160.49999999999977,207.81250000000014,162.84905660377348,3.0668508287292826,154.93026315789493,
156.73409093061755,189.9156063223828,264.44380901837354,194.35263274301317,3.047199551255083,163.71294040535355,
158.51692702545316,237.22200871850407,284.6047111082488,243.28803384594133,3.0454112923674144,171.65487670037285,
161.38202247191012,281.50537634408573,324.9999999999998,303.84803921568636,3.048800000000001,211.6688144329901,
161.453808752026,293.5602094240841,327.49999999999966,316.98113207547175,3.0333333333333337,223.53274559193972,
161.25735294117658,308.4263959390866,330.9782608695653,332.4999999999999,3.042558139534884,237.71897810218957,
162.032590051458,335.2898550724638,343.33333333333337,360.3906249999993,3.059289940828403,266.42601431980876,
163.12804878048783,336.2860576923079,355.6000000000002,362.9427083333331,3.052662721893491,270.5416666666667,
164.99911971830986,332.58663366336594,358.4000000000003,370.7068062827225,3.0543195266272187,273.4587378640782,
166.6261101243339,337.9057591623036,347.3749999999997,359.945355191257,3.0611695906432743,274.38271604938313,
168.29541284403658,345.1657458563533,366.0416666666675,383.6827956989242,3.084883720930231,284.3525641025639,
167.86464088397787,337.61695906432755,357.2916666666666,379.10326086956513,3.1223255813953497,277.5925925925929,
168.01286764705875,322.4842767295601,335.58823529411865,361.3999999999999,3.117011494252874,261.66899441340826,
168.0063520871143,306.5322580645162,329.2187500000003,350.0,3.1239999999999997,250.26988636363637,
168.20923913043475,299.2156862745093,334.83333333333303,336.2234042553187,3.1361581920903965,241.11111111111143,
171.86678507992886,291.24999999999994,317.3333333333327,334.9999999999997,3.138461538461537,241.9777158774377,
172.03180212014132,292.2275641025647,312.6666666666667,334.8076923076916,3.1419672131147527,242.86703601108002,
174.71975088967972,289.4062499999996,294.9999999999998,344.97126436781576,3.1918518518518515,247.75067750677474,
212.67335745401576,302.2071770067308,309.61538461538487,350.0879137899069,3.1877453922420234,263.8252370117084,
240.7430730212028,325.8576803641678,323.75000000000034,380.40871628837203,3.1876111351510668,291.14631417419855,
258.0254945426083,337.3859337715429,337.5412395833331,405.28508446033265,3.196066602414843,307.7021101445611,
295.1190002078051,362.63500384023985,378.9138278934018,429.5878865144893,3.212174294037916,335.5229288105565,
318.5832289183315,384.9681715498766,405.53814600881435,446.849577799037,3.218505940045816,356.5734813213027,
343.7906146638922,417.3476345103253,471.6035878386856,474.788801027985,3.1912084242478227,395.2010977491341,
341.25228111347457,402.5284819938386,465.43850326427514,459.2099135036586,3.19176289432231,383.926493772145,
342.44323316211353,392.36371660610376,465.9988038030218,447.68881704898826,3.198551906186267,374.86014242324734,
340.180256004539,384.36821989444456,457.03674640310055,441.27310485400835,3.1962679655376407,367.237814989801,
339.64481580180677,383.78155836335964,464.009350963755,442.0824226228016,3.180592232699141,367.5866142447827,
335.46212309988874,377.89707862612084,467.78552581982734,431.91280094358217,3.1871972151090966,359.12855180879984,
321.5967108492582,370.1435697353152,448.36854251301065,426.72858374665094,3.1896304112944764,346.9108314734722,
305.6370622443761,345.7073607582611,415.36749190705143,409.44587289992666,3.1709481462981706,327.80486931672567,
303.32842406197346,363.3113076388162,404.6084065446179,420.49578108976124,3.1670961402068465,335.65246667011763,
305.66479346070776,391.27787719108255,417.56583546886225,445.7499919424115,3.171595999538748,354.18936693886775,
302.2917649781697,421.4775201174144,450.3495005059361,463.22576109921766,3.172374302458545,378.55608500619365,
304.1294343615721,433.6811536136381,463.99133105940183,479.42267274279646,3.1567473006254567,393.2326260515867,
303.24748179995413,449.8216685488335,476.90709211025535,495.1241618011671,3.1467812206940136,409.45758214221655,
304.17928209546227,454.3291518281278,480.14094222058696,496.76037858395836,3.1412194134576827,413.2775663531923,
300.79539616382993,458.93603585091915,486.07410943689723,499.41472496998125,3.1345504662166825,415.9124180896212,
286.9016254504398,454.340138704672,480.650415485972,493.92390668980806,3.138717965311475,406.2011602686571,
274.67850806730394,442.05599824026143,443.35356098811485,478.3892621571335,3.1530418038718464,386.6356348190894,
261.6046546814433,424.7072563329838,415.0845829055047,464.99475020759616,3.149242240879336,366.684280700959,
241.46149384636414,404.951144153912,373.8432636679762,433.6122553425513,3.131466398179321,337.98396291448404,
256.9811918340149,398.5209239704649,391.31343349419814,422.9829101610235,3.134400074170191,336.53516216032483,
267.1799537305228,389.94434845322763,388.7612185079498,413.78213761855824,3.1292266419678754,333.1126032261419,
267.2285988641945,380.06383565094774,372.0319540568012,404.93254572966396,3.120683809884404,324.81068350114504,
263.9899187173203,379.17370889207143,370.9554662478767,404.50168610051446,3.1267576922632285,323.3327237600875,
265.4252364583217,370.1980729673758,340.1753202044935,395.35554108389005,3.125650571391584,318.0638485747157,
255.03540647929037,359.2077601735359,344.61041621589914,385.8281539731893,3.1251387385381055,309.5216311985998,
248.5779778956497,340.76681162605786,309.79265368053717,352.1109121809937,3.1417305677623304,292.2907010554343,
250.58834792522117,348.8047613746864,320.52045349862954,365.1992951138647,3.1185831281612972,299.4005506979434,
253.81241006383897,354.04743475512146,333.8673510688052,367.80050025395315,3.1196630992282497,303.3343721013762,
251.7939965390447,350.41567602114696,332.8302605128859,364.33943863384945,3.1111449383797893,300.4227508555653,
251.61181819330525,349.80705385623867,329.0014262462157,366.4423073523237,3.1016901532886245,300.68426258023055,
236.64919726385028,347.4742729564881,327.3251205511723,363.3402886317174,3.092460289669184,296.676024590793,
234.65328467153253,344.1136497009462,330.41931657232453,360.53071418482045,3.1003992145209844,293.7782963148644,
216.5277777777773,325.23391812865526,326.72680412371176,342.0108695652172,3.0614060233572795,276.3882063882069,
195.91213000242868,312.2948409349968,315.7094647430371,328.7517150013317,3.044824113483209,259.3521489067656,
174.69966892696695,279.5129516587197,300.3729556450748,289.9978551997004,3.028134280446809,226.78732455971087,
170.38456456642498,257.5293766819804,284.0240649078101,256.1336824396499,3.0234971391532337,197.02430964268862,
164.3969639348392,218.433010516692,257.8108457739304,226.99810895068072,2.9896637862555147,170.92497493192477,
160.32769181555506,204.3403768696661,237.6770097202812,210.59223925653484,2.985284064816904,166.91371959200202,
159.9105610101933,187.22168630410226,183.08841832823634,197.3666832989554,2.9877708274440575,164.43978415905767,
158.36933904670659,213.22406142609918,173.7986739729118,213.23326347572234,2.999118820060072,166.89096313552548,
158.3340798290572,218.82821503636072,200.936403600107,225.39837920416528,3.001086180892074,168.51236206532525,
157.84891817060088,265.4844259991677,273.03000778320825,267.9338911368786,2.996092795017094,185.07301168942067,
158.09827963572715,276.77418062237956,272.00520905331155,275.740284571577,2.997718182268162,194.14681773489866,
157.77567531981387,299.2791481353459,295.1005067261038,300.5621868763286,2.9927808684448234,215.45894132272613,
157.6995970539445,314.24386249951687,296.4289507576449,310.56582426630575,2.9879258853872623,226.9764170701268,
157.25856233745105,327.61331805018085,296.5137970388471,327.42588191724195,3.0032772430690615,241.8198919230983,
159.57424741924203,323.9279264019956,293.0142746897842,321.1280885805059,3.0062756395961445,240.49928527405135,
161.07747502831762,316.5808385244387,304.2658463856486,311.2373612045121,3.0031678936054647,235.32264442546696,
163.5519575721883,290.5150605582011,281.4615474967912,287.97909995489385,2.990323314026612,218.68799098886575,
164.92581364265016,291.59424777479325,293.4199774143335,286.3145503723958,2.987456490200317,221.55747420082574,
167.18040313046419,286.60067436934,261.49148825938346,264.84470986333133,2.987355800745085,214.98497605715875,
167.5112855152529,282.6035392319113,251.79234011962458,253.46109882951492,2.9794407516383488,209.75150304265483,
166.9648519849264,262.32380673638215,239.60683271919277,232.83271878902454,2.9866666666666677,191.68973004156882,
167.14471759596296,260.4722734197071,245.0909219584552,228.1724644754664,2.989595598610144,189.8993443582715,
167.30028505084007,254.5829996969151,237.30634267125006,222.28026157344024,3.003523003336395,185.23125279664444,
168.91894048796746,251.76554081799875,274.0722484926952,214.582004491261,3.0026659716394857,186.04168263542942,
170.41547827049368,255.80539391158612,276.81678966867963,220.1958107503625,3.011108959817888,191.98830579652585,
167.6133598493125,256.9934056869411,267.18677972833115,220.4913830139476,3.0259978791399393,184.1183027847824,
165.7823285755245,262.0988075128797,269.3696873449624,218.906610209997,3.0482708486320345,182.084008112435,
162.4899547621595,232.99150128544179,266.12264178232624,185.37451349050528,3.045722728454552,170.41394825809076,
161.94546945583429,224.05732254618673,255.2140102593956,180.3617450706414,3.039778552701912,169.0324673663235,
160.35989603656105,206.07552517559336,260.67768676397156,166.45649846601256,3.029730797434137,165.0340847942246,
160.39205584067957,196.80022939250296,250.23394880174246,165.2141847808648,3.0269622394798836,163.8731347995084,
160.08894572822763,174.2675096419665,225.980321350762,158.48973016173306,2.9936805058467804,160.60715330646738,
161.08763113892215,170.60344761924648,215.0501111111107,154.67235558993877,2.9978918449469383,159.68638753261993,
161.5082821922135,172.85271109411815,199.7432986111117,160.11551571355471,2.981669053242908,161.11997775234073,
161.47618865587467,172.95337154150195,200.08756250000044,160.97254638715773,2.9930799885369077,161.2858614443334,
161.35801425266658,172.91400000000004,198.4371666666668,160.1551321587192,2.996633744182681,161.07627848278838,
161.55936073059357,174.75581395348834,195.99999999999991,161.33240223463702,2.9892462311557786,161.63397328881464,
161.5842185128984,174.3918918918922,194.83333333333343,161.11666666666656,2.9728571428571424,161.58478802992522,
161.44748858447483,188.95833333333377,206.5000000000008,166.2403314917126,2.9605235602094235,163.6694421315572,
161.3532110091743,196.66666666666754,210.00000000000034,171.44166666666652,2.9719170984455956,165.07256711409408,
160.59076923076924,242.44594594594562,252.65625000000045,212.09999999999954,2.9927748691099474,171.9174311926606,
160.19565217391306,263.324607329843,290.9375000000001,240.25700934579433,2.9980851063829785,179.90171990171962,
160.08241758241758,295.7843137254897,300.4166666666669,265.0211864406784,3.0111111111111115,206.96180555555526,
159.35647425897028,309.2839195979898,319.8611111111114,278.3958333333333,3.0073796791443854,214.83178654292342,
157.45631825273009,318.35858585858534,337.105263157895,280.7543103448278,2.9906382978723407,215.1882352941179,
156.20290964777942,306.61458333333366,342.12500000000017,270.3982300884951,2.990370370370369,201.73965936739646,
156.26940639269407,306.4342105263159,324.7222222222224,263.6036036036033,3.016631578947368,197.16666666666686,
156.26686656671666,286.4367816091961,280.0000000000001,237.64018691588805,3.025595854922281,174.42008368200834,
156.31940298507465,288.5465116279076,290.5000000000003,236.33333333333294,3.0264921465968584,174.45659432387308,
156.56286982248517,281.54411764705856,267.8846153846158,225.3787878787876,3.0551269035532984,172.8019182652211,
156.92444444444448,267.90123456790127,269.2307692307689,216.47499999999982,3.052857142857142,171.06030150753776,
156.85109489051098,239.08620689655203,267.8846153846158,190.69587628866023,3.05979381443299,166.6351464435147,
155.2013372956909,225.05244755244775,268.3333333333338,180.52631578947424,3.0587878787878795,163.9982935153584,
153.79349470499244,218.99647887323883,242.08333333333366,175.93085106383003,3.0728571428571434,162.34521739130437,
152.88087774294672,210.5343511450382,240.6250000000003,174.3396226415094,3.0750253807106613,160.5972602739726,
152.41917591125198,207.99618320610756,223.461538461539,174.20754716981122,3.072857142857144,160.04838709677412,
150.87700964630224,206.06589147286854,255.00000000000023,178.35106382978753,3.068453608247424,159.48125585754448,
150.23649754500818,210.534351145038,261.2500000000007,181.8157894736847,3.083589743589745,159.70999999999987,
149.1838111298482,218.81679389312887,252.5000000000002,189.28571428571422,3.0719371727748697,160.1318359375,
148.26098418277678,228.777372262774,253.74999999999997,196.31188118811878,3.0733333333333333,161.32264529058125,
151.03220035778182,240.89655172413904,261.25000000000017,209.32692307692326,3.041948717948718,165.22814070351765,
150.99168207024036,227.1354166666669,243.7500000000001,202.40566037735852,3.045360824742267,163.61237113402052,
151.26086956521746,226.07142857142892,246.16666666666697,194.626168224299,3.0571428571428574,163.5712799167535,
152.03125,214.0384615384623,255.00000000000023,189.88317757009375,3.047142857142859,162.5271398747391,
153.35833333333335,214.82758620689688,250.38461538461596,189.93119266055047,3.0577435897435907,163.24,
155.6081081081081,224.50657894736855,247.69230769230813,202.87610619468978,3.054285714285715,166.32379518072298,
156.3855098389982,228.1818181818185,245.00000000000037,210.3043478260874,3.0551269035532984,167.6290000000001,
158.84324324324322,238.8043478260872,244.99999999999943,223.6440677966103,3.072338308457711,171.2296890672016,
160.93037974683554,254.33333333333405,246.45833333333405,233.2838983050842,3.075800000000001,174.85329341317365,
163.09239130434793,275.60055865921805,283.75000000000074,263.59375,3.0702000000000007,204.21019900497578,
160.39459459459462,293.3653846153848,301.61764705882365,264.47368421052647,3.064923076923078,209.0206812652072,
159.4224452554745,305.83333333333326,335.5882352941179,275.52325581395354,3.06868686868687,218.94160583941562,
158.61538461538453,333.1218274111673,328.8157894736846,298.8848920863311,3.0814,240.67599067599053,
158.74131627056667,338.8000000000001,345.6250000000003,304.94680851063833,3.073604060913706,247.29310344827582,
159.5859232175503,368.9863013698631,363.5483870967738,324.7861842105261,3.0910891089108925,271.9967177242885,
161.23417721518987,377.8686327077749,368.06451612903203,333.0718954248361,3.094341463414636,282.60237068965506,
163.4802158273381,396.5463917525774,381.71874999999966,351.04999999999956,3.1082692307692312,303.35743801652944,
165.85000000000005,394.87179487179515,375.9677419354841,352.77227722772284,3.1080000000000005,307.123217922608,
167.14864864864862,387.05333333333346,382.5862068965521,355.66176470588186,3.0800000000000014,304.7641509433962,
169.0972972972974,389.23684210526244,381.3793103448282,349.183333333333,3.0773333333333333,307.1157894736837,
171.60708347189887,374.19329896907226,375.376940133038,343.00919842312715,3.070683229813664,300.752482555019,
171.2741935483871,353.7319884726221,346.3157894736841,326.9604316546763,3.0799999999999987,285.6401766004414,
170.54489436619716,339.91379310344854,324.7222222222224,318.73161764705884,3.0846009389671356,273.9668949771693,
172.23285198555962,345.9950248756224,325.69444444444446,318.8157894736844,3.082641509433962,280.3240740740736,
172.94192377495463,352.6595744680846,338.33333333333366,334.07894736842087,3.0671497584541054,289.93023255813915,
204.80211598746033,376.82703432317743,337.9948805460752,358.17106616386644,3.074195544554454,315.31213148584925,
204.23780487804925,366.8888888888889,330.65789473684185,351.1666666666668,3.0862686567164186,308.8934426229511,
210.2058823529405,360.6230031948886,339.3055555555553,347.1052631578946,3.058963730569949,306.7147806004623,
220.45977011494244,369.6739130434781,337.3611111111108,355.2688172043008,3.060414507772021,314.80468750000085,
250.39893617021303,380.58558558558565,363.9999999999999,363.3769633507848,3.033814432989692,327.1868365180464,
267.6980198019804,389.50292397660803,371.53846153846274,370.747422680412,3.029025641025641,335.1124744376271,
288.101851851852,392.93604651162815,375.57692307692315,379.9249999999997,3.0290256410256395,342.1611001964633,
283.85321100917446,382.60416666666714,376.9230769230768,376.3383838383828,3.0314285714285707,336.50099403578537,
274.81481481481507,375.3484848484849,375.5769230769236,370.9999999999993,3.038492462311557,330.6224696356277,
267.5231481481487,357.5160256410249,346.71875000000045,352.62032085561424,3.039899497487438,317.6250000000003,
269.0624999999999,356.435483870968,346.71875000000045,351.1290322580635,3.0413065326633175,316.81535269709525,
272.5213675213676,349.516129032258,346.71875000000006,348.33941605839374,3.0528358208955226,314.3891170431209,
269.956521739131,346.5995260663508,344.53125,346.73507462686587,3.0547317073170746,311.28676470588243,
249.33333333333348,343.47474970388413,338.6722266781276,338.2317828668364,3.0571428571428574,303.2775041121161,
248.81188118811897,348.2206341810335,342.0858571582183,341.1219862187766,3.0520000000000005,306.2993188535856,
241.67500000000047,358.5981294498383,341.33366214186896,353.8239423423423,3.067668393782384,312.3971972948232,
263.46118262745205,386.0025437763695,384.1376388888894,383.72847474747505,3.0716278689973633,333.7766464965269,
271.81072042741727,399.58046376223854,381.47933127572054,397.1928220064728,3.050957440307699,343.66036910544966,
288.109457108135,427.5876947241551,408.7630600255427,428.53381136457006,3.0593735715193464,371.9231165853974,
290.3448140498365,431.18969620024865,424.29726692209425,426.1569520093679,3.0599891343483185,373.5637438262944,
282.57234744319027,437.71524158778595,436.93493103448293,430.23706872928835,3.057174287530677,376.39473598077046,
281.82380632174466,437.7070800021835,439.5059958333335,434.67003784234595,3.0555695525437874,377.45342888614016,
273.7983232047509,436.45034343610666,430.0562482758614,423.11022747014215,3.0810644620529066,370.75016794020644,
275.5315848532151,425.68123568238167,423.3331555555556,421.2456931563584,3.0830796328588717,363.58976987860274,
277.1007647052109,418.50849783730945,397.12084102564097,410.0824298566371,3.0851224555724834,354.93596644980545,
277.5073827980809,404.28044725047124,406.6337448559673,401.2818304172276,3.062316697473815,346.03487498021826,
276.4442598744926,400.6716417910456,383.1644444444447,396.41559154542983,3.064928438083385,342.56587964116625,
272.34123159303886,370.6983789942517,373.36444444444567,375.2289571962081,3.053244444444446,324.86298310179154,
261.00629183400247,360.63067608476274,374.76444444444553,362.1503981126515,3.0445211726384374,315.0225986834198,
244.94806000755497,335.75223594548527,356.8379629629632,336.58466624532053,3.0386016677357275,292.1394855333851,
230.16677629775788,318.96466976329833,344.24690508940876,316.6073169480227,3.038172391445237,274.3878940015141,
221.92884990253393,297.92906681427525,307.8594559585493,289.64835633224993,3.0443489416292495,254.64372182055976,
208.0182190780979,296.7029489835559,288.9749082007341,288.5555973963101,3.0432888888888883,248.97115025478234,
189.9463167749112,300.27672651069696,301.5055079559363,295.39495007580086,3.0603555555555557,249.18308868218782,
182.55385942986345,297.0227572974336,299.57772337821325,304.5502097467498,3.0557473420888055,248.36671600775324,
182.55385942986345,297.0227572974336,301.5055079559367,303.7345279403387,3.054921433060968,248.2830795475664,
174.30368472425565,282.85409851534973,291.53821243523316,298.5141643793048,3.057374613003096,236.51187355281763,
173.68655283190165,276.8101251887274,279.2972797927464,280.5691646382515,3.0581762168823166,227.3317442046149,
169.85610395803525,240.64536675893248,262.9760362694305,248.7929321971876,3.0401335761991506,193.62665281576096,
169.58197528349285,228.3842904311796,258.67262723521355,239.41363171768265,3.043211064341553,184.0576292739982,
169.23914471409805,210.24390861231083,241.34112792297194,215.32126335027624,3.0586440677966102,173.30296838997702,
170.08475309924503,203.7831511903105,274.92090784044063,223.45864661654133,3.0711227457824317,173.8452847982872,
169.6661662179885,216.8533445620788,293.3356258596971,225.5955678670363,3.074300884955752,175.78268978404154,
170.1865669074647,213.17192011549542,296.5852819807433,225.77364463791034,3.06952722920407,175.78470454480473,
170.55732667888898,220.22822984825274,297.66850068775824,225.59556786703595,3.053986770895971,179.3318717032252,
170.8102907168813,222.49921196413482,282.5034387895456,232.78907418693487,3.0613051359516623,182.27156207991226,
171.0786973104491,228.2224494706447,282.503438789546,239.2464956507282,3.053734061930783,187.05760057186498,
170.48212994015907,259.03431584807635,304.39718482252147,269.9209028162626,3.0557994100294987,210.89331250165137,
169.9952111089016,270.3232168373418,305.86426914153134,275.5160017973939,3.0550207468879664,217.79269383438208,
169.0199048401451,302.7497092379273,358.67078189300395,307.4882037656329,3.053940105695831,244.82394607172228,
170.89740282077747,321.9765349968937,379.79693486590054,331.8207940426563,3.050232281119714,269.02066519436653,
173.81743432636094,343.5084469686047,437.10682189542473,356.67919551598993,3.0518348082595876,297.3672290012097,
174.57410784524063,369.65936957952,458.8373316498314,373.30918558043857,3.057334891876096,312.1723089147086,
188.15929861488544,379.08556924975466,486.39006406545644,381.5061306943969,3.0376971034792333,320.8378491044835,
196.79799226913113,376.4630675193778,488.9834472126747,380.5823994368735,3.022634118008985,320.6447697922902,
192.16287105107895,373.14976602539014,495.1376738351253,373.57921694547156,3.015304013797763,317.7692089380143,
173.7676679017246,350.71825350056497,497.65625000000006,348.65784655922573,2.9985748698653545,301.18451017113244,
172.7181784580622,347.75059500669664,484.53124999999994,347.4941098875501,2.997928747446673,297.48093340388857,
170.76159736941742,336.14473943872787,467.044739583334,339.415790489003,2.9910516860970335,285.792215953279,
170.69277916461755,335.32285916645384,484.6349739583333,335.8166716492632,2.9904427941801233,285.61773958437334,
174.12658227848104,353.6510791366903,494.37499999999994,349.70833333333314,2.965846153846155,306.4058524173027,
222.1333333333327,376.18881118881103,497.4242424242429,382.63803680981664,2.961428571428572,329.3870192307696,
255.37790697674393,381.99312714776624,499.54545454545445,386.92073170731754,2.9542131979695427,336.51704545454567,
280.7869127516771,390.201511335013,508.49056603773647,397.1859675594114,2.974161220043573,346.01528689096773,
278.52672870901466,393.3381979690493,503.78207649417476,408.68178018215235,2.974744519574046,348.99618903793066,
300.5025920294828,404.64324656305826,502.34716579609216,430.873105175334,3.0054032345509785,367.0322617364591,
306.4782608695649,409.4444444444441,503.3823529411763,433.40425531914843,3.014757281553398,371.99212598425254,
322.47983870967767,418.8262195121955,510.41666666666634,441.24999999999994,3.0151219512195127,385.78828828828875,
322.8399999999997,418.7195121951227,512.3611111111109,446.07142857142884,3.0168627450980403,387.46996996996904,
323.1395413417824,416.55409267382845,513.3331503300268,444.71653484384433,3.038198439505466,385.2119307918229,
325.9535936018179,399.6115077058393,515.2780096974642,437.49948860132196,3.0333392899832217,374.81180364061794,
328.8152228523008,386.29144398326525,510.0003529245681,426.9224063011956,3.024408454442167,364.82222939144,
365.2891436640853,396.28816123778495,511.38464444444463,423.62268376068386,3.0327654606441556,380.04838418679554,
381.81486005817214,398.9265940860211,509.5565555555556,426.48377656344866,3.036593982840696,385.19661807157,
429.1161204651638,414.24702464930135,525.0,449.6846330057521,3.0421081821483846,410.8516430589597,
437.7775638345801,414.85093996367306,525.914362811036,449.14394558919867,3.045738577635227,412.89325763858886,
458.6348871673296,432.8782630733913,534.859508739979,458.89111504318566,3.036616276967539,429.3954686129425,
469.2702092557617,447.9240119230772,541.2771502549025,469.6427006378563,3.0181036439373994,442.4607127326758,
488.1375891691045,475.96621504953185,553.1487757616735,493.54170744355474,3.0078774170189697,468.5642219598632,
489.6445817106353,482.8089352005838,532.1278865472259,499.0264375052062,3.0025528166412077,472.7910763122521,
484.5539481284147,484.6527957910888,536.361298076455,506.9414648052878,3.013918484879743,474.9854212193451,
467.68766431201436,486.77312658077585,539.4217394826348,510.6471046459017,3.02862705187775,474.389796190752,
459.48968004785036,485.64544944494276,537.0868528651839,509.7783660791509,3.026583601531921,471.98214755765844,
443.39638211560094,487.19999734848284,542.9378023676293,514.5430900354097,3.0493751360093353,471.4564521184049,
444.5702929624981,487.4316413706082,542.99637577022,512.5565063736778,3.0510053311636636,470.92219561626933,
441.1608083521462,480.03425489603006,544.2867297017426,505.438410380655,3.0496512328974683,464.75941240395906,
442.3222466999343,478.617587254274,541.1333063185392,501.66276725928134,3.044729041592313,463.1215062899083,
443.73408850977427,473.96751793568234,516.7172192930286,493.7071549976609,3.0411142206064676,456.34527613383034,
426.89947568315137,467.29046361942966,509.69540737285723,481.76905420775813,3.0393681735783518,445.22361747233913,
409.4721968302888,456.3290491801839,472.2952441660542,467.6936701491825,3.038951655779034,430.00834054472307,
377.6098745895573,417.4996148784459,442.4235111321596,447.5422200661644,3.0387408228297823,397.17136013259966,
370.3255834151613,409.94334486287715,432.7287271075154,436.21300600951594,3.040003728202509,388.3650458320177,
337.3277410347099,393.58349333477764,376.8736082509017,411.61107318292795,3.0529012707285674,362.549182266708,
320.28726138032306,377.2640644442999,374.17992874109274,401.8779225495981,3.064791029561672,346.12157406132724,
307.48354134499897,367.44929367394167,358.3393033596839,395.11278712576177,3.056644026932463,337.3071029763652,
307.6051316692403,368.89934366920284,367.44596199524955,397.3048496737991,3.095034478778961,338.3610533094045,
307.96990264196234,366.6951825427744,360.71199524940585,400.94172125593,3.1133569924117825,338.50788554018897,
298.4723456006769,355.7598929917259,343.19763967732285,387.46288645752935,3.113541044245269,328.7672054176605,
270.421517693206,324.50038609454015,338.71733377439625,353.6561946701776,3.1053300924761813,301.74856456334686,
249.02657208257776,303.00131158228123,329.5416827479738,329.38848547717845,3.1093980659167153,279.976326079302,
231.13413762905608,286.81324110672017,319.51772049939586,318.48737266553536,3.1289653071960566,264.60506767103476,
211.46809236543456,261.2230441486333,309.62182982504913,287.18743568211335,3.127330300072878,238.63338336596743,
210.49951470806033,257.1902490547012,309.3773595960595,281.73046280005593,3.126913363605978,234.6774836122716,
178.89658579853594,236.79226504313155,302.77379077227846,251.92313487239966,3.1059477498301193,209.21342177190243,
174.3758988519562,227.15758947654757,299.8284210526314,249.44196428571425,3.102390164924123,201.50453229945964,
171.51509375683457,205.53178086895514,287.89183741087226,235.28144424450537,3.115450401212393,180.24731877660076,
170.88135702856567,207.05001426711146,288.6876302903713,234.46283411256505,3.109081296522061,178.78450654421908,
170.21556364758584,213.83732639446902,294.25762774063844,233.7492110311899,3.0964605471276383,181.70099634968835,
171.5033926303581,245.9663127821001,303.0106069426689,261.84810731725287,3.100075076695661,208.3122840402416,
173.4452947985012,278.4518214277045,325.2927782382196,291.8109275272898,3.088822144625503,237.5774842201,
169.60991026535976,311.0262026197628,371.0151253068044,325.99962857095704,3.0864951406920933,259.1081883537367,
169.0028215921053,315.8993915144485,392.83809365016765,332.56090371668205,3.0776482687594933,263.65236024844046,
166.85368835380368,329.5350068446437,411.3293684422665,340.94050221091265,3.070277470518833,269.3589622799062,
166.30044031483212,336.9256190067861,417.6383639646517,345.0043811223373,3.0656955700254525,274.23553631846914,
164.70919139210721,347.0658902520881,422.5366208452801,355.62894025818036,3.0555830408913343,281.8308049255878,
165.42100949060742,341.46534873247623,418.5373628126649,364.1985675442835,3.0597375882490017,283.8952179776524,
165.0967350378219,329.7271891286531,429.9515857152992,346.8146065411439,3.0744972045675927,275.76078024500987,
162.5502675620078,307.33824736100445,422.95853922198864,323.83473720567207,3.0727054802014164,253.13390685600626,
161.65301047872973,295.29152215483515,407.98774565402925,311.9634578459781,3.062432136930519,241.49480381649994,
158.52509073844578,275.8128733941246,381.65439277777847,296.79954815733566,3.053310612554082,219.30380109782817,
157.95998923002767,270.5430098162881,384.6673716666673,288.094702704483,3.051674080814766,212.6678172509484,
157.1246677037211,253.51525937745427,382.54077037037104,264.80384751467665,3.021425169177647,192.52443662409362,
157.34718165439207,252.87344397367627,384.11756444444507,266.7459068976122,3.0203762645516354,193.19507295182188,
157.97602060450026,254.73538577719592,368.1636388888892,266.65142167852474,3.024526123163941,192.56476381738426,
160.85133900858472,270.63432095974883,383.2292333333335,284.42756103466724,3.0245936661689927,211.96984906947674,
165.29376132786416,283.19731413612635,424.1512500000001,307.93539999999956,3.0213056967013805,236.41616307758042,
167.57954375403315,301.226426666667,464.83162962962956,320.07170505050453,3.0259105074916377,255.93216889503287,
170.2755943325751,318.81519726248,487.442197712418,341.4138279727092,3.040461844342304,278.1586075093892,
171.14733840304183,322.738693467337,482.5757575757571,342.6315789473682,3.0355140186915883,280.7220873786409,
170.30471698113203,318.9285714285716,477.2727272727266,336.56249999999994,3.0504225352112675,274.62530712530753,
170.5460288808664,306.7105263157894,469.21875000000045,322.68691588785015,3.0640182648401826,261.6708229426431,
172.5126582278481,310.066489361702,481.2499999999997,329.85849056603763,3.0633027522935787,269.4125000000001,
201.720430107527,333.5349462365588,462.241379310345,351.4000000000001,3.067853881278539,293.0272952853594,
221.54639175257802,336.80327868852504,487.6666666666675,356.62162162162207,3.026355140186917,299.9875311720703,
225.0000000000004,336.03825136611965,486.4999999999997,348.5714285714282,3.0083568075117366,298.20175438596533,
230.35714285714266,335.337837837838,485.3333333333331,349.2929292929289,3.004716981132076,299.5895522388059,
237.37623762376236,335.8870967741939,478.33333333333286,349.82500000000016,2.9984466019417466,301.41277641277685,
250.72115384615412,341.4814814814819,484.3548387096771,356.8581081081083,3.022046511627908,308.5326086956525,
258.36363636363694,344.31937172774934,478.7096774193545,361.6666666666673,3.0182938388625593,312.15212264150983,
273.08823529411796,362.7499999999997,484.35483870967727,376.3057324840767,3.0036966824644535,325.46875000000006,
280.93085106382966,377.42407925909947,482.653465346535,396.4881407804129,2.998105134474328,336.58387568070134,
284.6421755725191,414.16441005802704,504.09090909090924,424.67557251908414,2.9922439024390246,360.6290969572451,
282.2368421052634,423.5628742514967,503.38235294117686,432.4734042553189,2.988932038834951,367.73972602739656,
283.2060118992883,439.036845033253,502.9999737809484,444.71644834646423,3.0030003730657144,382.3352560757081,
285.6577912175204,445.84020906707553,506.5277453696713,452.1858481068876,3.019594202150747,390.50780496414154,
287.60834485938267,458.5434126718067,506.29725085910667,458.4685661195418,3.0279090334807326,399.7587776902202,
272.94573643410894,446.59217877094926,495.8333333333334,444.4102564102564,3.0238578680203037,383.2142857142857,
255.58467741935533,431.0901162790705,464.7222222222219,420.9308510638294,3.028200000000001,359.5744680851066,
242.52083333333363,413.19148936170245,434.8484848484846,400.3611111111111,3.027676767676768,341.33732534930164,
244.58000000000035,405.10869565217365,433.7878787878787,388.8218390804602,3.0267005076142133,335.5208333333334,
235.84127383302987,382.38620242519266,372.0836948574024,346.97050081347675,3.0589998814138846,313.662567496114,
229.98044457116706,363.43288588241035,363.46187225231705,337.62191978455854,3.0655171608044123,301.9871300592113,
220.97222222222186,332.7900552486186,348.33333333333326,315.9051724137931,3.101379310344827,280.078828828829,
209.04296875000043,319.8382352941176,339.5000000000003,294.1891891891892,3.0923529411764705,262.82634032634024,
198.5199999999998,306.74528301886795,329.4117647058828,282.37864077669906,3.108543689320387,248.595297029703,
187.56048387096786,305.80128205128227,317.18750000000045,282.52577319587624,3.0917241379310347,243.35241730279915,
187.27822580645199,310.31847133758015,310.6250000000011,283.0670103092782,3.09495145631068,245.0000000000003,
187.27822580645199,323.63782051282067,327.0312500000007,292.3737373737374,3.0964705882352943,253.46202531645557,
188.26612903225794,327.2943037974688,325.9374999999997,295.73232323232327,3.099405940594058,256.5931989924439,
194.15354330708675,329.4753086419757,328.12500000000045,299.26767676767645,3.107184466019416,260.46410891089187,
192.77559055118118,328.93518518518533,322.6562500000001,298.7373737373739,3.107184466019416,259.4678217821783,
192.36220472440948,323.3124999999999,321.5624999999999,291.13636363636425,3.123024390243902,254.96890547263652,
175.27559055118124,288.5197368421053,308.00000000000006,259.464285714286,3.1216585365853655,225.8035714285712,
171.7214580467675,235.22413793103442,253.75000000000014,205.0842696629213,3.1288995215311006,177.3863636363637,
170.11329715061058,197.518382352941,214.6666666666672,177.95180722891553,3.126666666666666,170.51268255188313,
168.2743243243243,172.20000000000005,174.75390625,165.83425414364638,3.112511848341232,165.78029141104295,
