Unnamed: 0,count
2160,75.4
2161,72.75
2162,68.7
2163,74.75
2164,70.05
2165,83.3
2166,68.35
2167,67.95
2168,72.0
2169,71.15
2170,77.25
2171,73.9
2172,70.5
2173,72.65
2174,68.35
2175,72.65
2176,72.3
2177,72.5
2178,70.5
2179,69.0
2180,74.35
2181,63.75
2182,69.1
2183,72.65
2184,67.1
2185,81.5
2186,70.1
2187,70.6
2188,67.2
2189,67.85
2190,72.65
2191,70.1
2192,69.65
2193,68.5
2194,61.85
2195,78.5
2196,72.3
2197,70.9
2198,68.7
2199,69.35
2200,77.85
2201,73.4
2202,74.9
2203,70.9
2204,68.5
2205,79.25
2206,74.0
2207,71.55
2208,70.8
2209,73.9
2210,82.75
2211,72.0
2212,70.8
2213,74.35
2214,69.35
2215,75.75
2216,78.5
2217,69.35
2218,73.15
2219,70.1
2220,73.4
2221,77.0
2222,69.75
2223,75.75
2224,71.35
2225,81.05
2226,76.5
2227,70.9
2228,72.3
2229,70.2
2230,76.35
2231,77.1
2232,68.9
2233,75.1
2234,64.0
2235,82.25
2236,78.6
2237,74.35
2238,74.35
2239,65.9
2240,77.75
2241,77.75
2242,71.55
2243,67.85
2244,71.15
2245,79.15
2246,77.0
2247,75.1
2248,72.0
2249,69.35
2250,81.4
2251,70.05
2252,73.05
2253,71.55
2254,67.95
2255,90.0
2256,71.55
2257,69.45
2258,68.35
2259,70.95
2260,74.35
2261,67.0
2262,71.35
2263,69.45
2264,67.95
2265,78.1
2266,74.9
2267,72.3
2268,71.55
2269,74.35
2270,75.5
2271,67.85
2272,68.35
2273,71.35
2274,68.5
2275,76.5
2276,64.5
2277,72.3
2278,71.9
2279,68.7
2280,71.7
2281,76.25
2282,68.9
2283,70.8
2284,68.5
2285,73.5
2286,69.65
2287,74.9
2288,80.0
2289,71.55
2290,77.35
2291,72.3
2292,70.1
2293,70.95
2294,71.9
2295,77.85
2296,75.1
2297,73.8
2298,80.65
2299,70.9
2300,76.35
2301,71.25
2302,71.55
2303,72.0
2304,72.75
2305,75.85
2306,76.5
2307,68.25
2308,77.75
2309,77.45
2310,80.65
2311,70.8
2312,67.6
2313,72.0
2314,72.4
2315,73.25
2316,66.75
2317,67.0
2318,75.85
2319,73.15
2320,78.1
2321,72.3
2322,67.95
2323,77.25
2324,72.3
2325,80.0
2326,72.0
2327,71.25
2328,77.85
2329,70.05
2330,75.3
2331,70.1
2332,71.55
2333,68.5
2334,66.85
2335,78.1
2336,68.15
2337,69.85
2338,69.75
2339,73.5
2340,79.55
2341,72.1
2342,72.5
2343,71.15
2344,74.15
2345,75.1
2346,72.3
2347,66.1
2348,75.75
2349,77.85
2350,73.9
2351,72.3
2352,68.9
2353,71.9
2354,70.95
2355,78.85
2356,72.65
2357,74.0
2358,71.9
2359,75.4
2360,79.9
2361,69.3
2362,70.8
2363,76.5
2364,76.7
2365,78.6
2366,71.9
2367,71.35
2368,72.0
2369,73.6
2370,80.1
2371,72.65
2372,73.25
2373,73.6
2374,71.35
2375,78.2
2376,72.85
2377,71.15
2378,72.85
2379,71.7
2380,78.5
2381,79.35
2382,69.45
2383,75.75
2384,77.85
2385,78.95
2386,75.4
2387,74.75
2388,75.75
2389,70.9
2390,78.6
2391,73.8
2392,73.05
2393,74.35
2394,76.5
2395,79.65
2396,75.75
2397,76.7
2398,70.9
2399,72.3
2400,77.65
2401,80.75
2402,73.6
2403,75.5
2404,73.4
2405,89.15
2406,72.4
2407,69.85
2408,68.9
2409,71.55
2410,74.75
2411,70.5
2412,69.35
2413,72.0
2414,70.6
2415,70.5
2416,70.8
2417,68.6
2418,69.1
2419,72.3
2420,71.65
2421,68.7
2422,69.85
2423,77.85
2424,73.25
2425,74.75
2426,70.1
2427,68.5
2428,71.55
2429,73.6
2430,75.1
2431,65.7
2432,71.7
2433,72.65
2434,71.9
2435,73.8
2436,74.65
2437,69.65
2438,76.15
2439,72.65
2440,78.1
2441,71.15
2442,66.75
2443,78.1
2444,70.05
2445,79.55
2446,75.5
2447,74.15
2448,72.5
2449,73.9
2450,77.65
2451,75.6
2452,75.6
2453,68.9
2454,72.5
2455,75.95
2456,73.05
2457,78.6
2458,77.85
2459,70.5
2460,85.35
2461,70.95
2462,70.95
2463,73.05
2464,76.9
2465,79.25
2466,77.85
2467,72.3
2468,75.0
2469,74.65
2470,77.35
2471,75.3
2472,74.9
2473,77.0
2474,78.6
2475,77.75
2476,70.9
2477,71.9
2478,75.1
2479,73.05
2480,78.05
2481,74.65
2482,75.0
2483,74.65
2484,71.65
2485,77.75
2486,72.5
2487,72.75
2488,73.25
2489,69.45
2490,74.65
2491,71.65
2492,72.75
2493,74.35
2494,77.75
2495,74.75
2496,73.25
2497,70.1
2498,75.75
2499,73.8
2500,78.5
2501,76.5
2502,69.35
2503,77.25
2504,73.8
2505,77.65
2506,77.1
2507,73.15
2508,71.35
2509,74.75
2510,82.55
2511,78.6
2512,73.15
2513,71.65
2514,72.5
2515,73.25
2516,73.6
2517,70.9
2518,76.15
2519,72.75
2520,74.55
2521,78.5
2522,73.05
2523,78.8
2524,73.6
2525,77.25
2526,78.8
2527,71.65
2528,73.4
2529,75.1
2530,75.4
2531,71.15
2532,70.4
2533,76.15
2534,67.6
2535,73.05
2536,72.85
2537,77.25
2538,73.6
2539,71.15
2540,75.3
2541,73.05
2542,78.1
2543,73.9
2544,72.3
2545,78.85
2546,72.0
2547,71.25
2548,75.6
2549,72.1
2550,72.0
2551,75.85
2552,71.55
2553,75.1
2554,76.35
2555,83.65
2556,73.8
2557,67.0
2558,69.85
2559,73.6
2560,75.5
2561,71.7
2562,66.0
2563,71.15
2564,68.6
2565,67.5
2566,69.35
2567,67.75
2568,74.0
2569,70.5
2570,72.85
2571,67.6
2572,70.95
2573,72.3
2574,72.4
2575,82.65
2576,75.3
2577,71.9
2578,82.55
2579,68.35
2580,71.55
2581,68.9
2582,74.25
2583,75.3
2584,73.05
2585,72.5
2586,68.15
2587,68.35
2588,72.4
2589,75.85
2590,74.55
2591,70.9
2592,69.75
2593,75.1
2594,68.35
2595,70.9
2596,72.85
2597,70.95
2598,73.5
2599,76.15
2600,74.15
2601,70.8
2602,70.9
2603,74.65
2604,73.5
2605,71.9
2606,73.6
2607,71.65
2608,71.25
2609,75.4
2610,72.65
2611,79.65
2612,73.25
2613,71.25
2614,68.15
2615,78.5
2616,67.2
2617,67.4
2618,66.65
2619,70.8
2620,77.75
2621,73.05
2622,70.2
2623,73.6
2624,77.25
2625,78.2
2626,73.8
2627,64.5
2628,67.2
2629,73.05
2630,74.9
2631,72.1
2632,70.9
2633,70.1
2634,66.65
2635,67.85
2636,70.6
2637,67.6
2638,71.9
2639,69.0
2640,77.75
2641,70.5
2642,71.35
2643,67.5
2644,68.5
2645,80.3
2646,76.35
2647,66.65
2648,70.05
2649,74.0
2650,74.35
2651,72.3
2652,73.6
2653,68.6
2654,73.05
2655,75.75
2656,71.35
2657,70.9
2658,70.9
2659,73.05
2660,76.7
2661,71.15
2662,67.0
2663,71.35
2664,67.5
2665,73.6
2666,72.75
2667,70.6
2668,71.55
2669,71.55
2670,72.1
2671,74.65
2672,72.1
2673,74.65
2674,79.25
2675,78.6
2676,80.45
2677,70.8
2678,74.0
2679,72.4
2680,72.75
2681,79.35
2682,70.1
2683,69.1
2684,75.4
2685,72.0
2686,71.9
2687,66.85
2688,64.85
2689,72.4
2690,71.55
2691,68.6
2692,71.7
2693,69.3
2694,69.0
2695,70.1
2696,71.9
2697,69.65
2698,69.35
2699,65.9
2700,74.0
2701,68.15
2702,65.3
2703,70.9
2704,69.35
2705,74.0
2706,73.05
2707,71.55
2708,71.55
2709,69.1
2710,71.9
2711,72.5
2712,74.35
2713,68.9
2714,70.05
2715,73.5
2716,65.9
2717,71.9
2718,69.85
2719,70.6
2720,75.1
2721,74.55
2722,70.2
2723,75.1
2724,75.4
2725,68.7
2726,70.05
2727,71.15
2728,70.1
2729,72.3
2730,78.2
2731,67.75
2732,70.6
2733,67.6
2734,67.6
2735,72.65
2736,66.45
2737,66.0
2738,77.35
2739,69.45
2740,69.35
2741,70.05
2742,71.35
2743,70.9
2744,68.6
2745,67.0
2746,71.7
2747,65.5
2748,65.5
2749,65.6
2750,72.5
2751,70.2
2752,66.65
2753,72.0
2754,67.4
2755,73.05
2756,70.2
2757,67.2
2758,66.75
2759,70.95
2760,66.25
2761,71.25
2762,64.85
2763,69.3
2764,67.5
2765,73.15
2766,75.0
2767,66.65
2768,66.75
2769,72.5
2770,71.35
2771,71.9
2772,68.6
2773,69.35
2774,68.7
2775,70.6
2776,69.0
2777,70.2
2778,66.85
2779,72.0
2780,71.7
2781,69.65
2782,68.7
2783,71.65
2784,71.55
2785,72.1
2786,73.4
2787,70.05
2788,72.75
2789,70.8
2790,73.4
2791,74.55
2792,69.75
2793,66.65
2794,69.35
2795,70.6
2796,69.45
2797,66.35
2798,66.85
2799,66.65
2800,74.25
2801,75.3
2802,70.4
2803,73.15
2804,72.1
2805,74.0
2806,67.6
2807,68.7
2808,70.05
2809,73.4
2810,73.6
2811,72.3
2812,66.65
2813,71.65
2814,68.25
2815,72.3
2816,69.75
2817,68.7
2818,70.05
2819,66.85
2820,72.75
2821,73.05
2822,66.1
2823,67.1
2824,64.5
2825,71.55
2826,70.4
2827,69.35
2828,70.6
2829,66.1
2830,72.5
2831,68.7
2832,65.9
2833,70.4
2834,70.95
2835,69.45
2836,66.85
2837,70.6
2838,73.05
2839,68.7
2840,70.1
2841,67.95
2842,66.65
2843,66.75
2844,70.5
2845,68.5
2846,68.35
2847,68.5
2848,70.9
2849,67.0
2850,69.0
2851,71.15
2852,69.65
2853,64.85
2854,68.15
2855,71.7
2856,61.65
2857,68.25
2858,70.6
2859,67.85
2860,65.6
2861,65.15
2862,69.0
2863,69.75
2864,67.4
2865,70.2
2866,63.75
2867,67.1
2868,67.75
2869,69.0
2870,66.65
2871,65.15
2872,66.85
2873,69.65
2874,69.65
2875,74.55
2876,73.6
2877,68.9
2878,71.7
2879,67.95
2880,66.25
2881,69.85
2882,69.0
2883,69.35
2884,71.55
2885,73.8
2886,74.65
2887,69.3
2888,70.1
2889,72.3
2890,66.65
2891,69.45
2892,69.45
2893,69.85
2894,67.95
2895,69.65
2896,66.85
2897,70.8
2898,73.15
2899,69.75
2900,69.65
2901,68.7
2902,70.9
2903,71.15
2904,72.3
2905,71.7
2906,72.1
2907,68.7
2908,71.25
2909,77.25
2910,70.8
2911,66.35
2912,73.05
2913,68.7
2914,76.5
2915,75.1
2916,66.0
2917,74.35
2918,75.95
2919,73.9
2920,75.75
2921,66.85
2922,64.2
2923,70.9
2924,75.3
2925,76.35
2926,74.25
2927,76.35
2928,69.85
2929,73.4
2930,76.5
2931,71.55
2932,73.05
2933,68.7
2934,73.6
2935,71.65
2936,68.25
2937,67.4
2938,74.15
2939,67.95
2940,73.5
2941,73.05
2942,72.4
2943,75.1
2944,72.65
2945,67.2
2946,73.25
2947,73.5
2948,71.25
2949,70.2
2950,72.3
2951,75.0
2952,78.2
2953,72.75
2954,72.5
2955,70.9
2956,74.9
2957,65.9
2958,71.55
2959,72.3
2960,78.8
2961,73.4
2962,73.6
2963,75.3
2964,71.55
2965,75.75
2966,70.6
2967,71.15
2968,73.5
2969,78.5
2970,81.6
2971,72.1
2972,73.15
2973,76.5
2974,70.8
2975,82.65
2976,77.25
2977,76.25
2978,72.4
2979,77.1
2980,70.8
2981,74.35
2982,74.55
2983,75.1
2984,75.4
2985,74.35
2986,73.6
2987,75.75
2988,75.1
2989,67.75
2990,76.5
2991,73.8
2992,73.8
2993,73.15
2994,73.6
2995,73.4
2996,73.15
2997,72.65
2998,73.6
2999,70.6
3000,76.35
3001,78.6
3002,75.5
3003,76.7
3004,64.75
3005,77.75
3006,70.05
3007,73.15
3008,73.15
3009,75.95
3010,70.5
3011,76.25
3012,70.9
3013,72.65
3014,71.7
3015,76.25
3016,70.9
3017,69.0
3018,71.9
3019,68.7
3020,78.95
3021,74.35
3022,73.15
3023,74.35
3024,76.25
3025,77.85
3026,78.1
3027,70.2
3028,78.4
3029,74.65
3030,78.6
3031,73.9
3032,70.95
3033,70.05
3034,71.15
3035,81.15
3036,76.9
3037,75.95
3038,75.0
3039,70.9
3040,71.7
3041,74.35
3042,69.65
3043,81.9
3044,72.65
3045,79.25
3046,73.05
3047,75.75
3048,73.6
3049,67.0
3050,78.95
3051,72.1
3052,71.35
3053,70.4
3054,68.6
3055,79.35
3056,71.9
3057,69.75
3058,71.55
3059,66.65
3060,74.0
3061,68.7
3062,73.8
3063,72.3
3064,69.45
3065,72.3
3066,63.65
3067,70.6
3068,64.55
3069,72.0
3070,74.75
3071,66.35
3072,70.8
3073,73.5
3074,69.3
3075,75.6
3076,77.25
3077,71.7
3078,68.7
3079,71.55
3080,74.0
3081,68.5
3082,68.25
3083,65.9
3084,64.95
3085,70.5
3086,69.45
3087,70.1
3088,72.3
3089,72.0
3090,68.7
3091,69.65
3092,66.75
3093,70.1
3094,73.5
3095,65.25
3096,65.7
3097,68.6
3098,65.5
3099,63.65
3100,71.35
3101,75.95
3102,73.05
3103,67.95
3104,69.1
3105,75.1
3106,70.1
3107,67.5
3108,67.85
3109,68.25
3110,68.35
3111,67.4
3112,63.75
3113,60.7
3114,65.15
3115,65.15
3116,69.75
3117,66.65
3118,67.5
3119,71.65
3120,70.1
3121,71.15
3122,62.4
3123,70.6
3124,69.45
3125,74.55
3126,73.05
3127,69.1
3128,67.95
3129,66.65
3130,73.6
3131,69.65
3132,66.65
3133,75.1
3134,69.35
3135,70.9
3136,71.15
3137,69.65
3138,69.75
3139,68.25
3140,69.35
3141,72.85
3142,68.6
3143,65.25
3144,65.25
3145,73.6
3146,67.6
3147,71.35
3148,74.35
3149,69.0
3150,71.55
3151,65.9
3152,64.95
3153,66.65
3154,61.65
3155,70.1
3156,69.85
3157,67.2
3158,67.95
3159,65.9
3160,71.35
3161,66.65
3162,64.75
3163,72.3
3164,63.25
3165,67.2
3166,68.7
3167,61.65
3168,62.9
3169,67.2
3170,71.35
3171,61.65
3172,63.05
3173,62.15
3174,61.85
3175,65.3
3176,68.7
3177,61.3
3178,64.2
3179,65.5
3180,68.6
3181,67.0
3182,65.9
3183,66.65
3184,67.95
3185,69.3
3186,64.5
3187,64.75
3188,63.65
3189,61.3
3190,66.1
3191,65.9
3192,67.2
3193,66.25
3194,65.9
3195,69.65
3196,62.4
3197,66.65
3198,67.6
3199,66.1
3200,69.35
3201,66.65
3202,63.45
3203,63.75
3204,69.35
3205,62.95
3206,63.8
3207,60.7
3208,67.4
3209,65.25
3210,70.95
3211,62.2
3212,60.9
3213,65.25
3214,61.35
3215,64.2
3216,60.7
3217,62.6
3218,65.15
3219,59.5
3220,73.25
3221,58.75
3222,62.95
3223,65.15
3224,56.5
3225,62.95
3226,63.25
3227,59.85
3228,69.45
3229,67.5
3230,67.1
3231,57.9
3232,65.15
3233,69.45
3234,60.9
3235,70.1
3236,65.7
3237,63.75
3238,65.15
3239,58.75
3240,66.75
3241,62.2
3242,60.25
3243,62.9
3244,64.5
3245,64.55
3246,65.15
3247,64.4
3248,62.2
3249,58.25
3250,65.6
3251,62.4
3252,53.55
3253,58.1
3254,61.65
3255,58.45
3256,59.5
3257,58.1
3258,66.45
3259,63.05
3260,62.15
3261,62.5
3262,61.75
3263,57.9
3264,58.35
3265,66.1
3266,58.45
3267,59.2
3268,54.5
3269,58.1
3270,63.8
3271,59.4
3272,66.35
3273,58.45
3274,61.85
3275,61.85
3276,64.0
3277,56.75
3278,60.25
3279,58.45
3280,60.15
3281,61.3
3282,60.25
3283,62.6
3284,58.45
3285,62.4
3286,62.05
3287,65.15
3288,56.95
3289,55.25
3290,61.75
3291,59.75
3292,60.55
3293,55.35
3294,61.65
3295,57.6
3296,53.1
3297,56.95
3298,60.55
3299,59.5
3300,60.25
3301,63.8
3302,59.75
3303,52.35
3304,59.5
3305,61.3
3306,58.25
3307,54.15
3308,56.75
3309,54.9
3310,60.15
3311,55.0
3312,53.85
3313,53.85
3314,52.35
3315,62.05
3316,53.85
3317,53.1
3318,53.95
3319,56.5
3320,57.6
3321,52.7
3322,58.85
3323,54.3
3324,57.5
3325,57.35
3326,59.0
3327,56.95
3328,59.5
3329,60.15
3330,49.6
3331,53.4
3332,59.85
3333,57.35
3334,56.0
3335,56.85
3336,58.45
3337,61.35
3338,55.8
3339,56.5
3340,59.4
3341,57.35
3342,53.2
3343,52.7
3344,55.05
3345,56.2
3346,60.9
3347,51.5
3348,59.5
3349,56.0
3350,59.6
3351,52.35
3352,56.0
3353,59.95
3354,56.0
3355,59.4
3356,52.35
3357,50.75
3358,55.45
3359,59.5
3360,54.9
3361,51.5
3362,56.0
3363,53.45
3364,59.2
3365,53.1
3366,52.6
3367,49.5
3368,57.25
3369,62.2
3370,54.9
3371,55.8
3372,58.65
3373,60.7
3374,50.45
3375,53.45
3376,53.85
3377,53.4
3378,58.35
3379,49.6
3380,52.8
3381,52.05
3382,50.75
3383,57.15
3384,54.7
3385,50.55
3386,55.75
3387,50.85
3388,61.1
3389,51.3
3390,53.2
3391,58.85
3392,57.5
3393,52.35
3394,50.45
3395,54.3
3396,51.2
3397,49.6
3398,54.5
3399,52.25
3400,59.4
3401,58.75
3402,54.3
3403,57.7
3404,53.85
3405,52.35
3406,50.0
3407,49.9
3408,55.25
3409,54.5
3410,55.25
3411,50.1
3412,50.95
3413,53.55
3414,51.1
3415,52.35
3416,50.25
3417,45.85
3418,55.45
3419,50.75
3420,51.7
3421,50.0
3422,51.85
3423,51.7
3424,55.25
3425,49.7
3426,48.95
3427,49.6
3428,52.25
3429,48.0
3430,55.75
3431,50.25
3432,49.6
3433,49.7
3434,43.2
3435,51.95
3436,57.5
3437,50.55
3438,49.9
3439,49.5
3440,50.1
3441,47.75
3442,48.95
3443,50.95
3444,48.85
3445,53.85
3446,46.15
3447,42.85
3448,51.1
3449,47.65
3450,59.4
3451,49.7
3452,46.3
3453,56.4
3454,48.75
3455,55.25
3456,50.25
3457,48.85
3458,53.4
3459,48.75
3460,51.95
3461,57.7
3462,51.7
3463,49.6
3464,51.2
3465,53.95
3466,50.75
3467,46.5
3468,49.6
3469,46.9
3470,53.1
3471,56.2
3472,48.4
3473,56.1
3474,44.65
3475,50.55
3476,48.5
3477,48.1
3478,54.5
3479,56.0
3480,49.7
3481,49.35
3482,50.85
3483,53.85
3484,53.75
3485,49.6
3486,49.5
3487,50.25
3488,51.6
3489,50.0
3490,53.1
3491,45.45
3492,49.6
3493,45.0
3494,45.0
3495,53.2
3496,42.55
3497,44.65
3498,51.95
3499,51.7
3500,50.25
3501,47.65
3502,44.65
3503,51.2
3504,51.1
3505,46.3
3506,47.0
3507,49.7
3508,53.55
3509,45.45
3510,46.9
3511,45.45
3512,49.7
3513,54.7
3514,50.1
3515,46.7
3516,50.0
3517,51.3
3518,52.8
3519,50.25
3520,49.5
3521,49.6
3522,50.1
3523,48.95
3524,45.4
3525,51.1
3526,48.5
3527,52.8
3528,49.9
3529,48.1
3530,53.55
3531,54.7
3532,50.25
3533,44.45
3534,50.45
3535,56.1
3536,48.6
3537,52.25
3538,52.45
3539,44.7
3540,49.6
3541,46.5
3542,48.2
3543,50.1
3544,49.25
3545,47.65
3546,45.95
3547,47.65
3548,45.4
3549,43.85
3550,48.6
3551,45.1
3552,46.3
3553,53.2
3554,46.6
3555,48.2
3556,47.45
3557,51.6
3558,47.65
3559,48.85
3560,53.55
3561,47.35
3562,59.4
3563,45.85
3564,46.9
3565,40.3
3566,42.85
3567,47.25
3568,47.05
3569,40.65
3570,45.45
3571,48.85
3572,49.25
3573,41.7
3574,43.3
3575,49.25
3576,49.6
3577,45.4
3578,40.3
3579,45.0
3580,50.1
3581,43.7
3582,43.85
3583,47.65
3584,44.65
3585,45.95
3586,46.25
3587,53.0
3588,46.6
3589,51.85
3590,45.4
3591,45.4
3592,42.95
3593,45.1
3594,41.6
3595,41.8
3596,47.45
3597,44.8
3598,45.85
3599,45.1
0,54.3
1,60.25
2,58.1
3,59.5
4,51.3
5,67.4
6,56.95
7,52.35
8,60.6
9,54.3
10,54.7
11,58.45
12,57.25
13,62.2
14,53.0
15,51.95
16,52.05
17,50.25
18,58.75
19,48.85
20,59.5
21,53.85
22,52.8
23,51.85
24,48.5
25,53.85
26,57.15
27,49.9
28,59.2
29,56.1
30,57.5
31,53.4
32,58.0
33,54.7
34,53.2
35,54.3
36,61.65
37,61.45
38,63.75
39,59.2
40,58.65
41,57.35
42,52.35
43,58.0
44,50.45
45,51.3
46,54.15
47,52.7
48,62.95
49,55.25
50,60.9
51,54.15
52,51.7
53,50.85
54,49.6
55,50.0
56,51.7
57,55.65
58,59.5
59,48.6
60,51.7
61,57.9
62,56.1
63,58.35
64,60.15
65,61.75
66,55.75
67,53.1
68,55.75
69,55.45
70,55.35
71,53.95
72,54.9
73,59.6
74,51.5
75,57.5
76,56.4
77,58.25
78,53.85
79,56.0
80,58.75
81,60.15
82,54.5
83,54.7
84,53.1
85,58.1
86,55.25
87,54.15
88,54.5
89,55.25
90,61.0
91,54.3
92,49.9
93,56.0
94,54.3
95,58.75
96,52.8
97,54.5
98,54.9
99,57.35
100,61.45
101,60.6
102,57.35
103,56.2
104,51.3
105,59.4
106,55.75
107,54.2
108,56.75
109,54.5
110,56.85
111,58.25
112,60.6
113,56.1
114,56.85
115,60.9
116,57.6
117,55.0
118,58.25
119,54.5
120,56.55
121,59.2
122,54.2
123,60.15
124,59.0
125,59.2
126,56.4
127,64.5
128,56.4
129,62.2
130,57.6
131,58.35
132,53.85
133,60.25
134,61.3
135,54.9
136,57.35
137,54.5
138,50.55
139,55.75
140,55.75
141,55.05
142,54.6
143,57.35
144,54.15
145,53.45
146,53.85
147,50.85
148,60.9
149,53.45
150,59.85
151,56.85
152,55.45
153,55.05
154,55.65
155,69.3
156,56.1
157,57.35
158,53.2
159,56.1
160,60.7
161,61.3
162,52.7
163,60.9
164,58.25
165,57.35
166,59.5
167,50.1
168,55.25
169,49.5
170,55.25
171,58.0
172,50.35
173,53.1
174,60.55
175,61.65
176,59.95
177,53.1
178,58.75
179,56.0
180,55.25
181,60.6
182,48.95
183,58.45
184,55.75
185,54.6
186,58.1
187,53.1
188,59.75
189,58.25
190,55.75
191,55.8
192,57.15
193,62.6
194,50.95
195,55.05
196,58.45
197,58.1
198,55.65
199,55.65
200,58.25
201,69.85
202,58.75
203,59.6
204,69.0
205,56.1
206,54.5
207,57.9
208,49.15
209,51.3
210,53.75
211,57.6
212,56.1
213,55.45
214,54.15
215,54.15
216,58.35
217,53.0
218,63.65
219,56.75
220,58.1
221,56.75
222,53.85
223,57.6
224,58.1
225,57.35
226,65.15
227,55.75
228,59.95
229,51.95
230,52.45
231,52.8
232,48.85
233,57.7
234,55.25
235,50.25
236,59.5
237,52.25
238,55.0
239,50.75
240,50.35
241,61.45
242,47.8
243,51.3
244,53.95
245,55.8
246,62.95
247,60.7
248,58.85
249,58.45
250,57.7
251,64.75
252,60.55
253,64.2
254,59.85
255,64.1
256,59.85
257,57.6
258,57.7
259,60.55
260,59.5
261,61.35
262,59.6
263,60.7
264,59.1
265,67.5
266,63.8
267,55.8
268,57.25
269,56.55
270,57.5
271,50.55
272,53.2
273,56.4
274,56.75
275,60.55
276,58.75
277,57.7
278,54.5
279,51.7
280,58.45
281,51.6
282,58.45
283,60.9
284,63.8
285,63.35
286,64.2
287,64.5
288,64.0
289,61.75
290,60.9
291,57.5
292,60.15
293,64.55
294,58.45
295,60.15
296,61.65
297,59.75
298,56.95
299,59.6
300,58.65
301,56.5
302,56.0
303,63.8
304,59.4
305,73.25
306,62.05
307,57.6
308,58.1
309,64.0
310,59.5
311,58.25
312,63.65
313,61.35
314,58.65
315,63.65
316,57.35
317,58.35
318,64.5
319,59.85
320,65.7
321,62.5
322,58.75
323,58.0
324,57.7
325,58.1
326,59.0
327,54.9
328,62.4
329,53.85
330,61.75
331,54.15
332,56.75
333,70.5
334,59.95
335,59.5
336,63.25
337,64.5
338,60.9
339,56.75
340,59.0
341,58.1
342,61.75
343,66.65
344,56.55
345,66.65
346,63.05
347,60.9
348,67.6
349,55.45
350,55.75
351,53.85
352,55.25
353,59.95
354,58.25
355,60.25
356,62.4
357,54.3
358,57.35
359,56.1
360,65.15
361,57.9
362,55.45
363,56.0
364,57.25
365,57.9
366,60.7
367,58.25
368,59.0
369,56.95
370,61.85
371,55.0
372,53.85
373,58.45
374,60.15
375,61.35
376,66.75
377,61.0
378,63.25
379,57.25
380,66.75
381,62.4
382,61.0
383,63.75
384,62.9
385,64.5
386,60.55
387,57.5
388,65.15
389,55.75
390,59.85
391,50.95
392,53.45
393,57.6
394,59.5
395,58.65
396,52.35
397,53.1
398,55.45
399,56.4
400,62.6
401,56.1
402,51.6
403,56.55
404,57.7
405,66.75
406,60.35
407,54.9
408,63.25
409,58.35
410,61.45
411,57.35
412,54.6
413,53.4
414,56.75
415,59.5
416,55.8
417,52.7
418,55.75
419,58.1
420,58.65
421,60.15
422,52.35
423,53.45
424,52.35
425,52.05
426,58.25
427,56.55
428,53.75
429,56.4
430,64.5
431,54.2
432,57.7
433,54.7
434,53.1
435,65.25
436,50.75
437,58.25
438,58.65
439,53.1
440,54.5
441,51.7
442,49.7
443,60.55
444,51.5
445,56.0
446,53.2
447,49.35
448,50.25
449,54.7
450,56.1
451,60.6
452,55.25
453,55.8
454,56.2
455,73.25
456,60.25
457,56.4
458,58.45
459,59.5
460,59.1
461,51.3
462,51.5
463,62.2
464,62.15
465,53.0
466,52.05
467,57.9
468,56.55
469,49.7
470,49.35
471,51.7
472,54.9
473,52.35
474,54.3
475,57.35
476,57.15
477,54.5
478,62.15
479,54.5
480,53.95
481,47.05
482,53.45
483,55.65
484,54.6
485,53.0
486,52.6
487,56.0
488,59.6
489,58.25
490,58.65
491,49.5
492,53.0
493,53.45
494,57.35
495,50.25
496,46.6
497,45.4
498,50.95
499,46.3
500,50.75
501,52.05
502,47.25
503,56.4
504,50.45
505,55.0
506,53.85
507,46.25
508,51.95
509,56.95
510,51.7
511,45.55
512,48.5
513,51.85
514,51.7
515,51.6
516,47.8
517,51.95
518,50.75
519,55.35
520,51.3
521,44.7
522,42.1
523,49.7
524,48.75
525,59.75
526,46.6
527,45.0
528,54.2
529,53.1
530,50.95
531,48.75
532,48.75
533,46.3
534,54.7
535,51.2
536,49.35
537,45.95
538,48.75
539,51.3
540,48.85
541,48.85
542,48.2
543,53.0
544,54.3
545,49.25
546,46.5
547,49.7
548,46.7
549,49.5
550,48.2
551,60.9
552,41.05
553,54.3
554,52.8
555,47.8
556,43.7
557,47.25
558,57.6
559,50.0
560,50.45
561,54.5
562,48.75
563,55.0
564,43.5
565,53.1
566,46.15
567,47.45
568,53.45
569,51.85
570,53.85
571,50.45
572,48.1
573,48.1
574,47.05
575,45.4
576,52.05
577,40.85
578,48.95
579,48.1
580,47.65
581,46.3
582,44.65
583,50.85
584,48.0
585,52.45
586,50.25
587,48.2
588,47.25
589,43.2
590,50.45
591,47.45
592,51.95
593,50.25
594,47.8
595,50.45
596,47.45
597,50.25
598,51.7
599,44.7
600,50.0
601,53.0
602,50.45
603,45.45
604,47.65
605,60.9
606,47.0
607,46.3
608,48.1
609,51.7
610,50.0
611,46.3
612,45.0
613,48.5
614,46.25
615,48.4
616,48.2
617,47.0
618,45.4
619,42.45
620,46.7
621,44.8
622,44.7
623,41.25
624,42.85
625,45.4
626,46.6
627,43.95
628,51.5
629,44.8
630,51.7
631,43.85
632,48.6
633,46.7
634,40.5
635,50.35
636,48.1
637,56.55
638,48.85
639,41.7
640,48.5
641,44.65
642,44.45
643,45.0
644,43.95
645,50.75
646,39.75
647,42.45
648,50.45
649,45.1
650,51.1
651,45.45
652,44.35
653,43.2
654,44.25
655,50.55
656,44.05
657,41.05
658,45.95
659,41.45
660,47.0
661,44.7
662,43.2
663,44.25
664,37.5
665,39.75
666,41.25
667,39.75
668,41.05
669,42.0
670,49.9
671,44.05
672,40.6
673,45.4
674,39.0
675,39.9
676,40.95
677,39.35
678,39.0
679,39.35
680,37.55
681,39.75
682,38.25
683,40.2
684,43.7
685,45.55
686,45.4
687,41.8
688,43.5
689,43.1
690,46.6
691,39.35
692,39.85
693,44.35
694,35.7
695,44.45
696,35.95
697,41.05
698,40.95
699,40.2
700,41.05
701,40.3
702,44.25
703,39.9
704,39.85
705,45.0
706,36.8
707,37.2
708,41.8
709,36.05
710,43.95
711,40.3
712,41.35
713,39.0
714,39.35
715,44.8
716,36.8
717,39.55
718,39.85
719,39.55
720,44.05
721,39.0
722,37.95
723,39.35
724,37.5
725,47.45
726,39.15
727,39.9
728,38.7
729,33.25
730,37.2
731,36.45
732,39.45
733,37.0
734,33.45
735,47.0
736,36.8
737,41.7
738,40.65
739,30.05
740,39.75
741,37.5
742,36.7
743,32.95
744,35.2
745,40.3
746,34.85
747,35.9
748,37.1
749,39.9
750,43.7
751,42.45
752,39.85
753,36.05
754,35.7
755,54.7
756,33.25
757,41.8
758,36.8
759,40.6
760,39.0
761,33.8
762,37.55
763,39.55
764,35.95
765,43.3
766,31.55
767,37.4
768,34.45
769,45.95
770,37.4
771,43.85
772,38.8
773,35.7
774,35.6
775,34.1
776,37.5
777,38.8
778,38.7
779,33.7
780,39.0
781,32.7
782,36.7
783,37.0
784,39.15
785,41.25
786,38.05
787,43.7
788,38.6
789,36.65
790,38.25
791,39.75
792,37.55
793,37.85
794,35.6
795,36.05
796,39.55
797,33.7
798,34.2
799,39.55
800,42.55
801,39.35
802,32.5
803,38.6
804,33.25
805,32.85
806,37.55
807,30.8
808,35.95
809,33.25
810,38.05
811,36.35
812,29.1
813,37.2
814,38.05
815,35.9
816,39.85
817,32.6
818,34.95
819,35.3
820,40.5
821,31.75
822,37.95
823,44.45
824,36.45
825,37.1
826,37.4
827,35.9
828,37.5
829,34.35
830,32.7
831,37.2
832,36.65
833,33.25
834,33.25
835,35.95
836,31.85
837,35.6
838,34.75
839,33.45
840,34.75
841,36.8
842,32.95
843,40.95
844,35.1
845,34.0
846,36.65
847,32.95
848,32.6
849,36.7
850,37.55
851,31.85
852,31.85
853,35.6
854,39.05
855,37.4
856,35.2
857,37.5
858,37.5
859,35.3
860,33.25
861,34.1
862,36.7
863,33.6
864,34.75
865,31.55
866,40.95
867,34.75
868,37.0
869,33.7
870,39.35
871,31.85
872,34.55
873,30.4
874,33.45
875,34.2
876,36.8
877,32.6
878,36.25
879,32.6
880,37.75
881,37.75
882,32.2
883,35.95
884,35.7
885,34.2
886,31.85
887,33.25
888,34.55
889,34.85
890,33.05
891,32.6
892,28.15
893,34.1
894,31.9
895,34.1
896,30.7
897,33.25
898,29.1
899,34.75
900,29.2
901,31.85
902,38.4
903,37.4
904,35.5
905,49.6
906,34.0
907,34.0
908,32.5
909,31.1
910,38.8
911,32.1
912,27.4
913,41.8
914,33.8
915,33.8
916,32.6
917,29.5
918,28.15
919,30.4
920,40.85
921,29.1
922,29.5
923,29.65
924,31.9
925,39.35
926,37.1
927,28.75
928,34.2
929,31.35
930,34.35
931,30.4
932,31.55
933,28.75
934,31.0
935,39.0
936,32.1
937,29.55
938,30.6
939,37.2
940,33.05
941,35.5
942,28.45
943,35.1
944,33.25
945,37.95
946,24.85
947,30.7
948,30.25
949,29.65
950,39.75
951,28.55
952,27.2
953,31.45
954,30.8
955,40.65
956,29.65
957,32.6
958,34.45
959,30.4
960,33.45
961,28.9
962,41.7
963,29.2
964,30.7
965,35.6
966,28.05
967,30.25
968,29.3
969,31.1
970,31.85
971,35.2
972,34.75
973,31.75
974,30.4
975,34.75
976,31.0
977,27.7
978,35.2
979,28.05
980,36.8
981,27.2
982,29.55
983,36.05
984,32.85
985,36.25
986,28.05
987,35.95
988,35.3
989,34.95
990,38.05
991,29.65
992,36.35
993,33.45
994,27.4
995,30.05
996,28.9
997,26.95
998,29.55
999,28.9
1000,34.55
1001,38.25
1002,28.35
1003,26.85
1004,28.75
1005,31.75
1006,27.05
1007,25.7
1008,27.7
1009,33.05
1010,36.65
1011,30.25
1012,32.2
1013,31.85
1014,27.8
1015,31.15
1016,23.55
1017,30.7
1018,32.6
1019,35.7
1020,32.5
1021,27.7
1022,29.95
1023,28.45
1024,26.85
1025,34.2
1026,29.1
1027,32.5
1028,33.6
1029,28.35
1030,27.4
1031,27.6
1032,26.45
1033,29.3
1034,33.35
1035,35.6
1036,31.85
1037,34.95
1038,33.25
1039,29.65
1040,31.15
1041,26.45
1042,31.45
1043,29.95
1044,27.6
1045,33.7
1046,30.8
1047,27.7
1048,26.85
1049,33.35
1050,31.35
1051,27.2
1052,27.8
1053,33.25
1054,25.7
1055,45.95
1056,31.35
1057,28.35
1058,34.55
1059,31.9
1060,31.1
1061,30.7
1062,34.95
1063,32.1
1064,31.1
1065,35.9
1066,25.7
1067,32.2
1068,28.9
1069,32.6
1070,32.85
1071,30.7
1072,32.85
1073,46.7
1074,34.35
1075,32.1
1076,31.45
1077,30.6
1078,30.3
1079,29.55
1080,32.7
1081,33.45
1082,31.15
1083,36.05
1084,27.95
1085,34.75
1086,30.6
1087,29.55
1088,37.1
1089,36.45
1090,39.55
1091,35.5
1092,28.75
1093,31.55
1094,32.2
1095,32.3
1096,32.1
1097,31.0
1098,35.9
1099,25.55
1100,30.6
1101,35.3
1102,33.8
1103,29.55
1104,26.95
1105,33.6
1106,31.1
1107,30.4
1108,33.25
1109,33.6
1110,35.3
1111,22.35
1112,32.5
1113,36.65
1114,28.05
1115,29.65
1116,30.8
1117,25.35
1118,38.3
1119,35.2
1120,29.1
1121,31.0
1122,36.25
1123,34.55
1124,41.45
1125,32.6
1126,29.3
1127,40.5
1128,39.85
1129,27.7
1130,31.9
1131,28.9
1132,27.8
1133,31.15
1134,26.55
1135,27.3
1136,28.9
1137,31.85
1138,31.85
1139,22.25
1140,28.75
1141,26.3
1142,27.6
1143,35.9
1144,24.85
1145,36.65
1146,31.15
1147,31.0
1148,34.2
1149,31.15
1150,30.4
1151,33.35
1152,27.05
1153,29.3
1154,30.4
1155,31.0
1156,25.55
1157,26.55
1158,29.85
1159,25.55
1160,28.05
1161,32.85
1162,20.0
1163,29.3
1164,25.35
1165,25.8
1166,27.6
1167,29.65
1168,30.6
1169,30.25
1170,30.6
1171,26.1
1172,29.85
1173,35.1
1174,27.2
1175,36.7
1176,24.3
1177,25.05
1178,30.4
1179,26.55
1180,25.55
1181,36.8
1182,32.6
1183,34.2
1184,31.1
1185,37.55
1186,37.85
1187,30.4
1188,32.85
1189,31.15
1190,35.7
1191,31.85
1192,25.55
1193,36.05
1194,26.3
1195,31.75
1196,32.1
1197,25.45
1198,30.25
1199,31.0
1200,34.2
1201,30.8
1202,25.35
1203,28.9
1204,26.55
1205,39.0
1206,32.95
1207,27.4
1208,28.35
1209,28.35
1210,26.95
1211,27.4
1212,29.3
1213,28.9
1214,23.75
1215,29.3
1216,31.55
1217,29.65
1218,30.8
1219,24.5
1220,27.6
1221,29.5
1222,28.75
1223,34.2
1224,26.85
1225,30.7
1226,26.85
1227,21.85
1228,30.25
1229,28.8
1230,28.05
1231,26.2
1232,25.25
1233,31.15
1234,23.0
1235,33.25
1236,36.35
1237,35.9
1238,31.45
1239,32.6
1240,32.85
1241,26.2
1242,28.75
1243,31.1
1244,34.35
1245,30.4
1246,28.45
1247,25.45
1248,28.45
1249,29.55
1250,34.0
1251,34.0
1252,31.75
1253,38.4
1254,24.1
1255,31.55
1256,30.3
1257,34.95
1258,29.65
1259,28.8
1260,33.45
1261,30.4
1262,33.45
1263,28.05
1264,27.6
1265,29.5
1266,27.7
1267,25.8
1268,30.25
1269,31.1
1270,28.8
1271,36.8
1272,34.75
1273,27.6
1274,28.05
1275,28.9
1276,30.05
1277,27.6
1278,27.4
1279,28.9
1280,39.55
1281,28.8
1282,29.2
1283,28.35
1284,24.85
1285,29.2
1286,26.65
1287,31.45
1288,30.7
1289,30.6
1290,28.45
1291,28.8
1292,22.6
1293,26.85
1294,28.05
1295,29.95
1296,27.6
1297,22.6
1298,27.3
1299,25.8
1300,29.65
1301,28.9
1302,30.8
1303,29.95
1304,24.95
1305,29.5
1306,28.8
1307,30.05
1308,30.7
1309,29.1
1310,30.05
1311,29.5
1312,30.05
1313,27.95
1314,25.8
1315,27.2
1316,29.95
1317,23.35
1318,31.0
1319,28.8
1320,32.85
1321,31.0
1322,28.9
1323,28.45
1324,27.7
1325,32.7
1326,34.75
1327,28.55
1328,32.6
1329,25.45
1330,27.95
1331,33.35
1332,28.55
1333,31.0
1334,30.3
1335,33.35
1336,30.4
1337,33.45
1338,31.35
1339,29.5
1340,32.3
1341,36.45
1342,31.45
1343,32.6
1344,29.1
1345,33.7
1346,35.3
1347,27.05
1348,37.85
1349,30.7
1350,29.65
1351,37.85
1352,27.95
1353,37.0
1354,34.0
1355,51.85
1356,31.9
1357,29.95
1358,33.45
1359,31.1
1360,31.35
1361,35.95
1362,31.85
1363,36.05
1364,29.5
1365,31.1
1366,34.75
1367,32.95
1368,33.45
1369,35.3
1370,34.0
1371,38.7
1372,32.5
1373,34.85
1374,32.2
1375,33.25
1376,36.65
1377,31.85
1378,33.45
1379,35.5
1380,30.3
1381,39.35
1382,30.4
1383,33.45
1384,37.2
1385,34.35
1386,31.9
1387,31.0
1388,28.15
1389,30.05
1390,31.9
1391,32.95
1392,28.35
1393,32.5
1394,29.1
1395,29.5
1396,36.8
1397,41.7
1398,36.25
1399,30.8
1400,29.85
1401,30.4
1402,28.9
1403,34.75
1404,32.2
1405,32.2
1406,37.5
1407,30.7
1408,32.6
1409,31.55
1410,28.35
1411,34.55
1412,29.85
1413,35.7
1414,33.05
1415,33.6
1416,38.7
1417,30.4
1418,41.35
1419,32.1
1420,36.25
1421,32.5
1422,36.7
1423,35.95
1424,39.35
1425,34.45
1426,31.75
1427,29.95
1428,39.15
1429,34.75
1430,35.2
1431,34.2
1432,29.1
1433,34.1
1434,31.85
1435,34.35
1436,33.25
1437,32.2
1438,36.45
1439,35.3
1440,40.6
1441,34.1
1442,39.85
1443,37.4
1444,36.05
1445,33.45
1446,40.65
1447,34.0
1448,35.6
1449,38.6
1450,35.6
1451,35.2
1452,35.9
1453,38.25
1454,35.2
1455,36.05
1456,32.6
1457,34.0
1458,38.05
1459,37.55
1460,38.8
1461,42.75
1462,41.25
1463,38.25
1464,37.85
1465,35.6
1466,29.1
1467,33.7
1468,39.15
1469,38.25
1470,34.35
1471,32.1
1472,29.65
1473,39.75
1474,34.75
1475,34.0
1476,36.35
1477,32.2
1478,38.4
1479,37.4
1480,32.6
1481,32.6
1482,34.0
1483,40.6
1484,35.5
1485,37.5
1486,38.25
1487,38.05
1488,35.1
1489,37.4
1490,36.35
1491,37.75
1492,38.4
1493,39.75
1494,36.8
1495,30.7
1496,30.4
1497,30.4
1498,29.65
1499,42.95
1500,38.4
1501,35.1
1502,39.85
1503,39.85
1504,35.7
1505,57.25
1506,39.9
1507,38.3
1508,34.35
1509,47.45
1510,37.5
1511,35.3
1512,36.05
1513,42.0
1514,39.15
1515,37.75
1516,42.55
1517,35.6
1518,38.25
1519,37.5
1520,36.8
1521,35.3
1522,36.35
1523,36.8
1524,36.05
1525,39.0
1526,39.75
1527,34.95
1528,38.25
1529,36.8
1530,29.65
1531,34.2
1532,36.8
1533,39.55
1534,38.7
1535,36.8
1536,37.2
1537,34.85
1538,37.1
1539,38.4
1540,38.7
1541,35.7
1542,37.4
1543,38.7
1544,38.6
1545,37.75
1546,37.1
1547,36.7
1548,39.0
1549,34.75
1550,37.85
1551,40.6
1552,36.05
1553,34.75
1554,34.55
1555,35.7
1556,31.1
1557,33.25
1558,38.4
1559,35.2
1560,40.1
1561,38.4
1562,35.2
1563,37.95
1564,35.3
1565,36.65
1566,34.75
1567,37.5
1568,41.7
1569,35.6
1570,36.8
1571,37.0
1572,42.0
1573,35.2
1574,39.0
1575,39.0
1576,39.05
1577,37.2
1578,38.7
1579,35.6
1580,35.2
1581,34.95
1582,34.55
1583,44.25
1584,40.3
1585,39.15
1586,34.55
1587,37.95
1588,39.0
1589,35.5
1590,34.2
1591,37.95
1592,35.2
1593,36.35
1594,36.8
1595,35.5
1596,34.1
1597,37.0
1598,34.1
1599,35.3
1600,38.3
1601,39.75
1602,34.2
1603,38.4
1604,36.45
1605,36.05
1606,37.85
1607,34.35
1608,32.85
1609,35.7
1610,33.25
1611,34.2
1612,38.25
1613,35.3
1614,33.25
1615,35.3
1616,39.75
1617,35.1
1618,33.25
1619,35.95
1620,33.8
1621,36.25
1622,33.7
1623,37.85
1624,35.2
1625,32.5
1626,39.75
1627,34.75
1628,37.85
1629,31.85
1630,33.8
1631,36.35
1632,36.05
1633,38.8
1634,33.25
1635,35.3
1636,37.4
1637,40.3
1638,39.9
1639,37.5
1640,32.5
1641,36.8
1642,35.2
1643,40.95
1644,34.0
1645,34.35
1646,31.0
1647,36.25
1648,36.05
1649,34.75
1650,31.15
1651,40.85
1652,34.85
1653,32.3
1654,34.0
1655,42.85
1656,32.2
1657,35.9
1658,30.6
1659,35.3
1660,34.35
1661,34.2
1662,39.75
1663,35.95
1664,36.65
1665,29.65
1666,34.85
1667,36.45
1668,40.5
1669,30.3
1670,32.2
1671,33.25
1672,38.4
1673,36.05
1674,31.45
1675,41.7
1676,44.8
1677,39.05
1678,40.95
1679,36.8
1680,35.9
1681,37.75
1682,34.55
1683,40.1
1684,41.35
1685,40.3
1686,38.05
1687,33.7
1688,35.1
1689,38.25
1690,37.4
1691,42.45
1692,43.2
1693,37.0
1694,39.85
1695,34.75
1696,38.05
1697,38.05
1698,41.7
1699,38.7
1700,40.2
1701,34.0
1702,34.0
1703,39.15
1704,35.6
1705,36.8
1706,35.7
1707,37.95
1708,37.85
1709,32.2
1710,38.8
1711,31.15
1712,36.45
1713,40.95
1714,40.65
1715,37.1
1716,37.75
1717,40.3
1718,38.25
1719,39.55
1720,41.05
1721,39.55
1722,41.45
1723,41.05
1724,36.8
1725,37.95
1726,44.65
1727,40.95
1728,40.95
1729,36.35
1730,37.4
1731,42.45
1732,40.6
1733,41.35
1734,38.25
1735,40.3
1736,47.05
1737,38.7
1738,44.8
1739,38.8
1740,37.0
1741,43.2
1742,41.05
1743,44.8
1744,42.35
1745,43.2
1746,41.7
1747,40.65
1748,47.75
1749,45.4
1750,45.95
1751,39.35
1752,43.1
1753,46.5
1754,38.3
1755,43.5
1756,42.35
1757,43.5
1758,45.45
1759,36.45
1760,43.7
1761,44.35
1762,39.55
1763,42.95
1764,44.65
1765,47.45
1766,40.5
1767,43.2
1768,47.8
1769,43.95
1770,43.85
1771,49.35
1772,45.1
1773,46.7
1774,43.7
1775,45.95
1776,45.4
1777,43.85
1778,47.75
1779,41.6
1780,43.85
1781,42.55
1782,45.2
1783,50.95
1784,45.95
1785,45.1
1786,41.05
1787,43.2
1788,43.85
1789,43.6
1790,42.2
1791,45.85
1792,48.85
1793,48.75
1794,44.8
1795,48.2
1796,47.05
1797,44.7
1798,44.25
1799,42.45
1800,45.95
1801,47.45
1802,43.6
1803,48.2
1804,41.05
1805,56.75
1806,46.3
1807,45.2
1808,42.75
1809,46.7
1810,47.75
1811,51.2
1812,43.85
1813,46.25
1814,43.85
1815,44.8
1816,43.3
1817,42.45
1818,44.35
1819,39.35
1820,51.2
1821,45.45
1822,42.45
1823,45.0
1824,45.4
1825,59.6
1826,53.45
1827,43.85
1828,47.65
1829,46.7
1830,51.1
1831,45.85
1832,45.0
1833,52.25
1834,47.45
1835,58.35
1836,42.55
1837,46.25
1838,47.45
1839,53.45
1840,59.2
1841,49.7
1842,51.3
1843,46.6
1844,53.55
1845,52.45
1846,46.5
1847,44.45
1848,49.9
1849,50.0
1850,47.45
1851,45.85
1852,47.05
1853,48.2
1854,46.6
1855,56.55
1856,48.75
1857,44.65
1858,50.25
1859,48.4
1860,60.35
1861,48.85
1862,48.1
1863,49.6
1864,51.5
1865,58.85
1866,51.5
1867,53.75
1868,50.1
1869,48.6
1870,56.75
1871,56.85
1872,47.45
1873,44.7
1874,45.55
1875,62.2
1876,59.85
1877,51.85
1878,48.4
1879,53.2
1880,60.55
1881,49.9
1882,54.5
1883,50.85
1884,52.25
1885,60.9
1886,48.4
1887,48.75
1888,55.75
1889,52.25
1890,57.9
1891,51.6
1892,47.0
1893,49.6
1894,52.7
1895,60.7
1896,49.6
1897,50.25
1898,53.75
1899,49.9
1900,61.65
1901,50.95
1902,46.6
1903,46.7
1904,50.85
1905,60.6
1906,50.0
1907,51.7
1908,54.3
1909,55.05
1910,62.4
1911,53.0
1912,51.6
1913,57.15
1914,52.35
1915,64.5
1916,47.45
1917,54.5
1918,52.35
1919,51.1
1920,61.0
1921,56.0
1922,47.0
1923,51.5
1924,52.25
1925,63.25
1926,50.95
1927,50.25
1928,54.7
1929,53.1
1930,58.75
1931,53.75
1932,53.4
1933,55.45
1934,50.45
1935,64.85
1936,50.45
1937,53.4
1938,53.2
1939,54.9
1940,64.4
1941,57.35
1942,51.2
1943,55.25
1944,51.1
1945,63.75
1946,57.35
1947,49.9
1948,56.2
1949,53.1
1950,58.1
1951,58.1
1952,53.95
1953,56.2
1954,54.7
1955,77.25
1956,54.6
1957,49.35
1958,49.6
1959,57.25
1960,65.5
1961,55.25
1962,52.25
1963,55.45
1964,51.7
1965,64.4
1966,55.25
1967,57.35
1968,57.6
1969,55.75
1970,62.95
1971,53.85
1972,49.6
1973,53.45
1974,53.75
1975,65.5
1976,55.45
1977,50.95
1978,58.1
1979,50.85
1980,66.85
1981,52.35
1982,52.8
1983,57.35
1984,58.45
1985,64.0
1986,56.2
1987,51.3
1988,54.5
1989,53.45
1990,64.4
1991,55.75
1992,61.1
1993,59.5
1994,58.85
1995,67.75
1996,61.45
1997,53.95
1998,54.6
1999,53.85
2000,65.6
2001,55.45
2002,55.35
2003,64.2
2004,59.75
2005,62.05
2006,59.75
2007,53.75
2008,59.5
2009,61.35
2010,60.35
2011,59.4
2012,62.9
2013,60.25
2014,58.75
2015,68.5
2016,56.5
2017,58.1
2018,61.45
2019,58.1
2020,60.15
2021,52.8
2022,64.1
2023,60.35
2024,54.9
2025,70.5
2026,62.4
2027,62.8
2028,62.05
2029,60.25
2030,65.7
2031,61.1
2032,63.65
2033,56.75
2034,60.25
2035,70.05
2036,58.65
2037,63.35
2038,60.9
2039,58.85
2040,63.35
2041,62.15
2042,63.25
2043,59.1
2044,58.1
2045,68.25
2046,60.7
2047,64.2
2048,65.9
2049,61.3
2050,67.85
2051,63.35
2052,59.6
2053,66.85
2054,61.75
2055,67.75
2056,62.9
2057,60.15
2058,70.4
2059,62.95
2060,64.1
2061,60.25
2062,61.65
2063,65.6
2064,66.35
2065,73.6
2066,59.1
2067,61.1
2068,70.2
2069,61.85
2070,74.0
2071,64.95
2072,68.7
2073,70.1
2074,62.9
2075,77.75
2076,66.85
2077,63.8
2078,75.75
2079,66.85
2080,66.85
2081,65.5
2082,68.25
2083,69.0
2084,68.7
2085,77.0
2086,62.5
2087,63.65
2088,72.5
2089,68.6
2090,71.25
2091,67.95
2092,67.75
2093,69.35
2094,60.9
2095,71.55
2096,61.45
2097,58.85
2098,65.15
2099,65.25
2100,72.3
2101,65.3
2102,65.25
2103,66.85
2104,64.0
2105,89.2
2106,60.9
2107,63.45
2108,68.5
2109,64.0
2110,74.35
2111,62.8
2112,68.6
2113,68.7
2114,67.95
2115,72.1
2116,65.15
2117,64.55
2118,64.2
2119,69.0
2120,72.5
2121,60.15
2122,63.8
2123,67.85
2124,70.95
2125,72.65
2126,71.7
2127,62.95
2128,75.5
2129,66.45
2130,76.9
2131,67.95
2132,64.2
2133,65.6
2134,65.15
2135,77.85
2136,65.15
2137,65.15
2138,66.65
2139,69.35
2140,75.0
2141,67.0
2142,62.4
2143,70.4
2144,64.95
2145,77.45
2146,70.6
2147,65.3
2148,69.35
2149,68.5
2150,76.5
2151,70.95
2152,69.35
2153,64.55
2154,70.9
2155,77.85
2156,70.9
2157,69.3
2158,68.35
2159,65.15
